Timestamp (ns),Total Acceleration (m/s^2)
45722454887333,9.811546
45722457367697,9.813593
45722459848010,9.862374
45722462352906,9.862374
45722464857802,9.862374
45722467362697,9.862374
45722469856343,9.879206
45722472347645,9.891189
45722474846083,9.901696
45722477341552,9.884453
45722479834885,9.913491
45722482325041,9.868226
45722484813895,9.874128
45722487303062,9.846282
45722489791395,9.815942
45722492278010,9.825433
45722494763531,9.774418
45722497249625,9.779561
45722499735093,9.743086
45722502219208,9.734373
45722504701708,9.734379
45722507146083,9.715323
45722509577020,9.715999
45722512019312,9.735406
45722514437906,9.762318
45722516857385,9.779412
45722519300250,9.801853
45722521742281,9.825064
45722524172281,9.857084
45722526590770,9.882512
45722529021552,9.889424
45722531451968,9.911057
45722533882697,9.931623
45722536325875,9.921537
45722538756760,9.900772
45722541174625,9.877986
45722543604625,9.873031
45722546035770,9.855279
45722548467229,9.812688
45722550909625,9.814529
45722553339312,9.791892
45722555758739,9.743778
45722558189833,9.730135
45722560619989,9.745788
45722563050927,9.736626
45722565494312,9.734013
45722567913427,9.741808
45722570331343,9.755964
45722572773166,9.769255
45722575203687,9.768595
45722577634468,9.799507
45722580076812,9.825616
45722582508114,9.852394
45722584927072,9.862910
45722587357072,9.904544
45722589799520,9.901876
45722592218114,9.905348
45722594637177,9.916273
45722597079989,9.899571
45722599547177,9.849216
45722602027697,9.806572
45722604508218,9.802643
45722606988010,9.753138
45722609467229,9.754677
45722611947020,9.744442
45722614427437,9.744694
45722616907697,9.734873
45722619387854,9.742013
45722621867541,9.751309
45722624347229,9.758187
45722626827437,9.790019
45722629307645,9.814163
45722631787281,9.843180
45722634266343,9.858482
45722636745979,9.883646
45722639226187,9.922823
45722641705822,9.967670
45722644185406,9.991956
45722646664937,9.995839
45722649144468,9.969371
45722651624572,9.933933
45722654104104,9.947966
45722656583010,9.895623
45722659062802,9.900404
45722661542541,9.858490
45722664022020,9.830375
45722666501447,9.806126
45722668980250,9.799624
45722671459052,9.788484
45722673937854,9.790342
45722676417229,9.779313
45722678896552,9.770131
45722681375927,9.777230
45722683855979,9.785483
45722686335927,9.800459
45722688815197,9.820816
45722691293739,9.851885
45722693773010,9.882556
45722696252645,9.902213
45722698730302,9.939342
45722701208531,9.915515
45722703688531,9.942961
45722706168427,9.936562
45722708647854,9.933434
45722711126656,9.925159
45722713606031,9.913788
45722716085406,9.892097
45722718564729,9.867901
45722721025510,9.826230
45722723472697,9.798679
45722725914416,9.795047
45722728333166,9.774792
45722730752385,9.750505
45722733184937,9.758501
45722735615145,9.729348
45722738055666,9.762714
45722740498583,9.756642
45722742929885,9.769904
45722745348166,9.771053
45722747778114,9.784346
45722750221552,9.828754
45722752652489,9.814276
45722755070666,9.846501
45722757489364,9.856306
45722759920562,9.866838
45722762363375,9.877446
45722764811395,9.901378
45722767242072,9.898360
45722769655093,9.867409
45722772085770,9.844931
45722774528270,9.860645
45722776947020,9.844398
45722779365822,9.828895
45722781808114,9.790532
45722784250718,9.762512
45722786682125,9.749775
45722789137437,9.720126
45722791617333,9.692515
45722794097229,9.706938
45722796575354,9.686152
45722799053583,9.695450
45722801533062,9.709577
45722804012541,9.745157
45722806492020,9.736452
45722808970927,9.784358
45722811450406,9.806475
45722813930354,9.824856
45722816410250,9.832547
45722818889677,9.848701
45722821369052,9.869684
45722823848322,9.871747
45722826327020,9.858016
45722828806395,9.842940
45722831285666,9.859302
45722833765250,9.837036
45722836244781,9.794905
45722838724156,9.774561
45722841203479,9.760819
45722843682072,9.749885
45722846160666,9.731156
45722848639312,9.720072
45722851118635,9.721332
45722853596656,9.701410
45722856074677,9.703800
45722858553947,9.720017
45722861032645,9.747420
45722863511395,9.743290
45722865990302,9.789363
45722868469729,9.791518
45722870949052,9.839857
45722873428322,9.873796
45722875907645,9.898888
45722878386343,9.919577
45722880865718,9.947539
45722883345562,9.930395
45722885825302,9.925269
45722888304572,9.918700
45722890783791,9.892317
45722893263895,9.876532
45722895742541,9.859462
45722898219208,9.809031
45722900696864,9.796412
45722903175770,9.779366
45722905655250,9.747459
45722908134729,9.752764
45722910605041,9.738027
45722913062750,9.743965
45722915493739,9.737096
45722917925041,9.753074
45722920355250,9.761488
45722922784416,9.802843
45722925214729,9.802331
45722927635093,9.848695
45722930064677,9.868300
45722932494520,9.881459
45722934926916,9.909421
45722937357489,9.928643
45722939798739,9.956445
45722942240718,9.963638
45722944678218,9.991954
45722947097437,9.966618
45722949521968,9.959700
45722951953010,9.958341
45722954384416,9.920809
45722956815770,9.891709
45722959234000,9.869305
45722961675458,9.821832
45722964106395,9.805296
45722966537802,9.798897
45722968968062,9.767438
45722971398114,9.772437
45722973829260,9.769748
45722976248531,9.768114
45722978690041,9.773926
45722981119364,9.784327
45722983550041,9.790138
45722985981812,9.807628
45722988412020,9.874941
45722990841708,9.882454
45722993261187,9.873013
45722995703791,9.908381
45722998170614,9.923226
45723000649989,9.929112
45723003129364,9.924252
45723005608791,9.903348
45723008087593,9.876644
45723010566395,9.842187
45723013045250,9.810607
45723015524572,9.786241
45723018003895,9.752534
45723020483322,9.716251
45723022962750,9.717315
45723025441447,9.738091
45723027920145,9.715749
45723030398947,9.704518
45723032877750,9.738469
45723035356552,9.730068
45723037835927,9.775408
45723040315302,9.790854
45723042794677,9.808549
45723045274572,9.821813
45723047753947,9.849108
45723050233427,9.861136
45723052712854,9.881363
45723055192541,9.893517
45723057672229,9.883524
45723060151500,9.892754
45723062631395,9.871255
45723065110666,9.864521
45723067589677,9.851204
45723070068687,9.813140
45723072547958,9.794836
45723075027229,9.805334
45723077506500,9.767476
45723079985770,9.751554
45723082464468,9.713077
45723084943739,9.719159
45723087423010,9.701634
45723089902385,9.717088
45723092381760,9.721111
45723094861083,9.733603
45723097340927,9.744521
45723099819052,9.786783
45723102297281,9.817946
45723104776708,9.840347
45723107255979,9.858906
45723109735406,9.881371
45723112214833,9.879951
45723114694156,9.877483
45723117172906,9.891157
45723119640718,9.890534
45723122084364,9.869423
45723124514833,9.863936
45723126945354,9.868004
45723129387750,9.821438
45723131831395,9.811860
45723134250614,9.804072
45723136668843,9.790627
45723139111656,9.759657
45723141542437,9.736440
45723143972854,9.747400
45723146403062,9.749056
45723148822854,9.745537
45723151265406,9.724754
45723153694729,9.740725
45723156114104,9.740001
45723158545302,9.756363
45723160987958,9.762955
45723163430822,9.768929
45723165860927,9.803947
45723168279312,9.840428
45723170681604,9.855519
45723173111708,9.868917
45723175570041,9.894950
45723178001656,9.886638
45723180422958,9.883353
45723182864937,9.869893
45723185293322,9.863758
45723187723895,9.854618
45723190154937,9.842728
45723192585250,9.819734
45723195015406,9.807181
45723197434625,9.791927
45723199842125,9.770032
45723202273062,9.738266
45723204727645,9.756192
45723207160875,9.723202
45723209604000,9.734996
45723212033375,9.752537
45723214450041,9.766617
45723216878635,9.778800
45723219309781,9.820845
45723221754937,9.854241
45723224186604,9.907372
45723226614937,9.926508
45723229044156,9.959622
45723231462072,9.966975
45723233904520,9.985941
45723236335614,9.998616
45723238757072,9.960537
45723241186968,9.953058
45723243626708,9.917140
45723246058427,9.899082
45723248477802,9.874722
45723250907697,9.859241
45723253314989,9.840594
45723255747437,9.803033
45723258191708,9.787783
45723260632541,9.769423
45723263074520,9.774205
45723265507333,9.771209
45723267948218,9.797356
45723270364625,9.806517
45723272797125,9.826556
45723275228166,9.835658
45723277656708,9.857342
45723280087125,9.874677
45723282517385,9.886590
45723284960406,9.918182
45723287379937,9.938154
45723289811760,9.946639
45723292253635,9.924946
45723294678166,9.925504
45723297099052,9.927675
45723299499312,9.910514
45723301928062,9.888508
45723304383114,9.845189
45723306826343,9.837955
45723309256552,9.820624
45723311687645,9.796462
45723314118739,9.763990
45723316550197,9.737915
45723318993166,9.748657
45723321411916,9.737238
45723323828895,9.715693
45723326258739,9.708904
45723328689572,9.727435
45723331131916,9.763151
45723333562958,9.767049
45723335993739,9.798621
45723338436031,9.847857
45723340865875,9.867801
45723343284885,9.891026
45723345716031,9.890409
45723348146291,9.882893
45723350576760,9.879839
45723353007854,9.877587
45723355426812,9.850760
45723357868843,9.841786
45723360299520,9.840749
45723362730510,9.790619
45723365171343,9.765494
45723367601604,9.765906
45723370033739,9.734013
45723372464729,9.723730
45723374883635,9.703066
45723377313895,9.694851
45723379744520,9.717807
45723382175614,9.712520
45723384618270,9.711727
45723387073687,9.747354
45723389553583,9.767200
45723392032906,9.782065
45723394512177,9.813109
45723396990197,9.831016
45723399468375,9.852205
45723401947854,9.852183
45723404426708,9.872703
45723406906239,9.860958
45723409385770,9.841024
45723411865354,9.825817
45723414344989,9.802044
45723416824781,9.803199
45723419304260,9.780093
45723421782802,9.747172
45723424262125,9.736938
45723426741500,9.719379
45723429220875,9.715093
45723431700145,9.701410
45723434179364,9.712285
45723436657385,9.711207
45723439133739,9.713428
45723441611395,9.741094
45723444090302,9.768477
45723446569781,9.799631
45723449049833,9.820271
45723451528062,9.868519
45723454005875,9.909574
45723456484885,9.920902
45723458964364,9.940240
45723461444000,9.941569
45723463923531,9.951752
45723466402906,9.918774
45723468882437,9.901476
45723471362020,9.868560
45723473841552,9.846742
45723476321708,9.841983
45723478801604,9.807076
45723481281343,9.777342
45723483760614,9.771775
45723486239937,9.752798
45723488719781,9.761855
45723491199052,9.762688
45723493677750,9.777879
45723496157020,9.804245
45723498635041,9.795220
45723501113218,9.823971
45723503591656,9.858000
45723506069520,9.858412
45723508549000,9.871056
45723510996500,9.896290
45723513430458,9.916017
45723515897020,9.923595
45723518377125,9.944371
45723520857229,9.936226
45723523335458,9.924492
45723525813791,9.943099
45723528293375,9.897559
45723530772906,9.896288
45723533252333,9.885825
45723535731187,9.870358
45723538210614,9.843409
45723540689260,9.826709
45723543167958,9.793916
45723545647437,9.773753
45723548126916,9.740700
45723550606343,9.728835
45723553083947,9.761937
45723555562229,9.759896
45723558041812,9.780106
45723560521343,9.775796
45723563000822,9.822267
45723565480302,9.847541
45723567959833,9.865076
45723570438687,9.863106
45723572917541,9.876649
45723575396447,9.882920
45723577875406,9.899360
45723580354364,9.894336
45723582833895,9.882248
45723585313427,9.866673
45723587792385,9.852012
45723590271343,9.828770
45723592750302,9.795347
45723595229885,9.785967
45723597708218,9.750273
45723600186604,9.743778
45723602665770,9.730709
45723605144989,9.713376
45723607625250,9.727465
45723610104833,9.722583
45723612584833,9.719085
45723615064781,9.726711
45723617544156,9.752581
45723620023531,9.759506
45723622502958,9.806852
45723624982750,9.797024
45723627461864,9.821353
45723629941239,9.837109
45723632420562,9.868341
45723634899937,9.861461
45723637367645,9.882039
45723639821812,9.871707
45723642263687,9.839684
45723644683531,9.805276
45723647104677,9.804897
45723649534468,9.796042
45723651974677,9.751999
45723654407125,9.745193
45723656838010,9.711836
45723659303531,9.705998
45723661783010,9.716645
45723664262177,9.705230
45723666741916,9.732687
45723669220093,9.756000
45723671697541,9.764944
45723674176864,9.788225
45723676656395,9.806115
45723679135302,9.797213
45723681613322,9.837571
45723684091447,9.844695
45723686571135,9.864850
45723689051291,9.852227
45723691530562,9.871824
45723694009833,9.857345
45723696488062,9.843062
45723698966031,9.833301
45723701445302,9.828538
45723703924885,9.815311
45723706405093,9.810390
45723708884625,9.803260
45723711364104,9.775540
45723713843635,9.747017
45723716323062,9.752325
45723718802437,9.745835
45723721281916,9.758921
45723723760197,9.718996
45723726238062,9.734397
45723728717072,9.748850
45723731196083,9.753726
45723733675718,9.773158
45723736155354,9.783697
45723738634989,9.804990
45723741114572,9.821461
45723743593583,9.845440
45723746073166,9.878550
45723748552697,9.891763
45723751032281,9.884209
45723753511916,9.881053
45723755991500,9.874766
45723758471604,9.866179
45723760951135,9.853954
45723763430666,9.817430
45723765910145,9.799921
45723768389572,9.775516
45723770869625,9.764256
45723773349625,9.745571
45723775829052,9.725623
45723778308375,9.716732
45723780776291,9.715428
45723783231343,9.722657
45723785673322,9.743717
45723788103531,9.752625
45723790523531,9.768371
45723792954833,9.790980
45723795384364,9.823471
45723797828270,9.851684
45723800309364,9.912405
45723802789468,9.923995
45723805268843,9.953444
45723807748218,9.936896
45723810227593,9.949228
45723812706864,9.945956
45723815186760,9.931604
45723817666031,9.914931
45723820144364,9.883488
45723822621500,9.825822
45723825099468,9.817185
45723827579208,9.778416
45723830058583,9.771605
45723832538010,9.736835
45723835017333,9.725425
45723837496708,9.737473
45723839976135,9.741358
45723842454833,9.771302
45723844934104,9.791466
45723847413375,9.833117
45723849893062,9.847179
45723852372906,9.876328
45723854852333,9.908576
45723857331552,9.939032
45723859810302,9.953481
45723862289625,9.967927
45723864768947,10.005635
45723867248270,9.971223
45723869728062,9.995324
45723872207750,9.993889
45723874686864,9.962964
45723877165406,9.936450
45723879644625,9.914146
45723882123947,9.881314
45723884603322,9.853416
45723887082593,9.836175
45723889561760,9.795051
45723892040875,9.759919
45723894519364,9.777290
45723896997750,9.763753
45723899475145,9.765512
45723901953375,9.783661
45723904432697,9.789490
45723906911968,9.795156
45723909391343,9.840538
45723911870770,9.881949
45723914351083,9.889151
45723916830927,9.920867
45723919310302,9.928930
45723921764833,9.948248
45723924208687,9.965460
45723926643322,9.969309
45723929072281,9.960038
45723931512385,9.952704
45723933932645,9.971600
45723936362697,9.946770
45723938796083,9.919088
45723941226916,9.884443
45723943653739,9.865771
45723946084052,9.847406
45723948521083,9.818892
45723950939572,9.789444
45723953375875,9.770838
45723955806864,9.743663
45723958237854,9.747058
45723960668010,9.748669
45723963097906,9.774072
45723965541343,9.759138
45723967960510,9.796158
45723970390250,9.806253
45723972820875,9.847047
45723975241708,9.862720
45723977672489,9.890465
45723980112802,9.926681
45723982555197,9.910526
45723984974677,9.901592
45723987405250,9.901999
45723989835875,9.866561
45723992266083,9.854807
45723994696812,9.831627
45723997127906,9.798970
45723999595197,9.760539
45724002075197,9.726772
45724004554520,9.697235
45724007033791,9.692915
45724009513114,9.694415
45724011992281,9.702883
45724014472072,9.728058
45724016951916,9.717576
45724019431135,9.748952
45724021910666,9.760497
45724024389104,9.813709
45724026867177,9.864301
45724029346447,9.909669
45724031825718,9.934936
45724034304989,9.983267
45724036784312,9.968616
45724039263583,9.955868
45724041742854,9.925797
45724044222750,9.906936
45724046701968,9.869689
45724049181239,9.842676
45724051660510,9.799998
45724054139781,9.781828
45724056619104,9.770050
45724059098375,9.754815
45724061578270,9.740026
45724064057541,9.749577
45724066536916,9.739696
45724069016239,9.771918
45724071495614,9.782094
45724073975354,9.761121
45724076455093,9.770226
45724078934937,9.779951
45724081414781,9.782624
45724083894052,9.788893
45724086373427,9.829479
45724088852697,9.857813
45724091331864,9.883324
45724093811760,9.926995
45724096291552,9.933963
45724098769468,9.950942
45724101247645,9.976991
45724103727125,9.982990
45724106206447,9.961689
45724108686291,9.935875
45724111165562,9.935367
45724113644260,9.878160
45724116123531,9.822116
45724118602802,9.790494
45724121080302,9.740957
45724123529572,9.730579
45724125947697,9.687526
45724128381812,9.675059
45724130812906,9.649033
45724133245197,9.663092
45724135675302,9.655070
45724138104572,9.700789
45724140548166,9.731831
45724142967229,9.784883
45724145396760,9.822287
45724147826968,9.848760
45724150258531,9.911366
45724152689468,9.926540
45724155119156,9.974829
45724157561187,9.972295
45724159986343,9.993598
45724162417072,9.979367
45724164841916,9.956353
45724167272697,9.926302
45724169715250,9.888992
45724172134208,9.870728
45724174553322,9.819257
45724176996135,9.763381
45724179427333,9.711934
45724181858166,9.672076
45724184288322,9.651217
45724186707177,9.663827
45724189150666,9.623802
45724191581552,9.643619
45724194010822,9.665211
45724196475406,9.700275
45724198952958,9.754865
45724201431760,9.795673
45724203911187,9.841479
45724206390562,9.922193
45724208869364,9.944897
45724211348218,9.948834
45724213827020,9.971335
45724216306395,9.953090
45724218786395,9.923988
45724221266239,9.905226
45724223745979,9.874673
45724226225302,9.823619
45724228704572,9.804062
45724231183895,9.741833
45724233662593,9.729212
45724236141916,9.719299
45724238621239,9.716999
45724241100562,9.695978
45724243579833,9.686792
45724246059208,9.708304
45724248538583,9.728385
45724251017281,9.755473
45724253496552,9.766649
45724255975875,9.793325
45724258455250,9.829785
45724260934677,9.855903
45724263414000,9.882713
45724265893322,9.900402
45724268372229,9.928574
45724270851760,9.912210
45724273331135,9.908427
45724275809937,9.884092
45724278288843,9.860737
45724280768270,9.837453
45724283247645,9.822280
45724285726447,9.793179
45724288205458,9.787077
45724290684625,9.775351
45724293164260,9.758086
45724295643687,9.739791
45724298121239,9.715035
45724300598895,9.735169
45724303077854,9.746471
45724305557437,9.762184
45724308036343,9.772693
45724310515250,9.786154
45724312994833,9.809676
45724315474416,9.818629
45724317946135,9.851138
45724320404468,9.850304
45724322845354,9.870391
45724325264625,9.883643
45724327695979,9.878598
45724330125718,9.874510
45724332556083,9.875968
45724335023010,9.811898
45724337502593,9.791419
45724339981500,9.771025
45724342461031,9.725645
45724344940614,9.713252
45724347420145,9.702771
45724349900250,9.697251
45724352380510,9.669934
45724354860093,9.671019
45724357339729,9.654819
45724359819364,9.674865
45724362298791,9.670100
45724364778843,9.697663
45724367258218,9.744083
45724369736916,9.768332
45724372216239,9.794604
45724374695614,9.804203
45724377174989,9.850018
45724379654937,9.847518
45724382134364,9.858336
45724384613166,9.857647
45724387092489,9.858291
45724389571812,9.816786
45724392051135,9.800139
45724394531083,9.793904
45724397009156,9.770693
45724399486708,9.743999
45724401966135,9.732623
45724404445614,9.724141
45724406925041,9.717063
45724409404989,9.719501
45724411884364,9.690925
45724414363166,9.696500
45724416842229,9.702538
45724419321291,9.720519
45724421800666,9.751330
45724424279625,9.782207
45724426757958,9.819132
45724429236656,9.846808
45724431715354,9.862748
45724434194729,9.903345
45724436674052,9.945595
45724439153322,9.951285
45724441632593,9.941869
45724444111291,9.953688
45724446590562,9.944269
45724449068843,9.932136
45724451545510,9.886245
45724454023375,9.848877
45724456491812,9.831764
45724458935927,9.812786
45724461367072,9.791726
45724463810145,9.771722
45724466239468,9.755367
45724468669625,9.784082
45724471102645,9.746253
45724473538843,9.776144
45724475968114,9.780401
45724478383895,9.794768
45724480826239,9.835102
45724483254833,9.856594
45724485688791,9.877475
45724488119000,9.924623
45724490547020,9.930725
45724492977958,9.969591
45724495396239,9.991256
45724497852072,9.988160
45724500332750,9.985606
45724502811500,9.970471
45724505290197,9.935115
45724507769677,9.911191
45724510249156,9.900122
45724512728635,9.861940
45724515207489,9.853568
45724517686968,9.814084
45724520166395,9.805532
45724522645822,9.806139
45724525125354,9.794041
45724527604937,9.784991
45724530084312,9.782395
45724532563114,9.813881
45724535042541,9.816788
45724537521968,9.827332
45724540001395,9.840438
45724542481395,9.882980
45724544959572,9.901116
45724547437229,9.920062
45724549916760,9.975214
45724552396187,9.950469
45724554875666,9.971909
45724557353895,9.978313
45724559831604,9.933328
45724562309468,9.929283
45724564787333,9.916329
45724567267020,9.883017
45724569747125,9.866238
45724572226604,9.815710
45724574706031,9.798184
45724577185406,9.770135
45724579664416,9.767838
45724582143427,9.747499
45724584623010,9.742027
45724587102697,9.740235
45724589582385,9.752296
45724592061916,9.749276
45724594540875,9.763113
45724597020354,9.766530
45724599498635,9.815718
45724601977125,9.830221
45724604456812,9.859965
45724606936447,9.889341
45724609415979,9.923742
45724611894937,9.913297
45724614374468,9.915037
45724616854052,9.919477
45724619326552,9.899402
45724621782750,9.873582
45724624233531,9.855655
45724626677229,9.826111
45724629107802,9.800004
45724631525979,9.777331
45724633956864,9.743036
45724636386343,9.710739
45724638822177,9.709446
45724641253166,9.689649
45724643665510,9.684969
45724646108427,9.700917
45724648540822,9.721852
45724650960875,9.730838
45724653391760,9.744334
45724655832281,9.766875
45724658261395,9.821813
45724660680302,9.860182
45724663122333,9.874874
45724665553166,9.913807
45724667993010,9.946012
45724670422750,9.936034
45724672837906,9.934396
45724675269468,9.931107
45724677697125,9.900610
45724680127437,9.901017
45724682557750,9.885511
45724685000302,9.866165
45724687429104,9.798292
45724689859468,9.790545
45724692289677,9.757163
45724694718635,9.706457
45724697161812,9.729655
45724699619729,9.683377
45724702099208,9.685623
45724704578687,9.693043
45724707058114,9.725420
45724709536500,9.762877
45724712014937,9.782519
45724714493843,9.809475
45724716973270,9.820523
45724719452750,9.866347
45724721932229,9.895038
45724724411708,9.903087
45724726891187,9.920053
45724729371187,9.948049
45724731850562,9.952793
45724734329937,9.935278
45724736809312,9.921762
45724739288635,9.875741
45724741768010,9.833639
45724744247437,9.792104
45724746726031,9.761543
45724749204000,9.749014
45724751683479,9.732521
45724754163010,9.722361
45724756642541,9.708480
45724759120666,9.720756
45724761598895,9.709044
45724764078427,9.716045
45724766557333,9.721897
45724769036812,9.750728
45724771516916,9.792284
45724773997020,9.828573
45724776476552,9.852571
45724778956031,9.906355
45724781436135,9.942141
45724783915614,9.963562
45724786395041,9.998542
45724788874468,10.000490
45724791353843,9.968007
45724793833270,9.956636
45724796312645,9.908165
45724798790822,9.863572
45724801268427,9.811404
45724803746187,9.786250
45724806224000,9.760488
45724808703843,9.728634
45724811184156,9.717880
45724813664260,9.707144
45724816143791,9.699385
45724818622697,9.711173
45724821102229,9.747015
45724823546916,9.752044
45724825972958,9.794594
45724828403635,9.817527
45724830827750,9.828375
45724833234260,9.874885
45724835660302,9.924132
45724838115250,9.962706
45724840550822,9.980627
45724842981291,10.032283
45724845411708,10.020164
45724847840822,10.028028
45724850270250,10.032969
45724852701083,10.014213
45724855131552,9.981516
45724857547541,9.960695
45724859978479,9.903029
45724862423843,9.856932
45724864854208,9.831322
45724867285875,9.797919
45724869716812,9.753804
45724872147958,9.746778
45724874578270,9.726796
45724877019781,9.704942
45724879450822,9.714664
45724881845875,9.746572
45724884276187,9.743737
45724886729156,9.777140
45724889160250,9.804007
45724891594000,9.837340
45724894002125,9.868408
45724896430250,9.912234
45724898860250,9.928240
45724901291187,9.934483
45724903744468,9.964300
45724906174677,9.974440
45724908616552,9.961708
45724911047593,9.943023
45724913467072,9.918884
45724915897385,9.909375
45724918338114,9.889699
45724920769104,9.837777
45724923189625,9.803156
45724925621968,9.769350
45724928053062,9.746183
45724930481968,9.740560
45724932914572,9.692363
45724935345979,9.714730
45724937774625,9.704139
45724940204520,9.703676
45724942634885,9.743164
45724945065093,9.763131
45724947490666,9.791507
45724949922437,9.795934
45724952360145,9.850618
45724954790250,9.850444
45724957220718,9.887886
45724959652229,9.898540
45724962081552,9.891589
45724964511343,9.897604
45724966942906,9.887906
45724969374052,9.882411
45724971803791,9.859847
45724974233947,9.836979
45724976665041,9.785439
45724979096031,9.765431
45724981526187,9.726870
45724983957020,9.693959
45724986388010,9.695322
45724988818375,9.668979
45724991249260,9.680021
45724993688531,9.689900
45724996118947,9.667853
45724998517593,9.686937
45725000948062,9.707849
45725003379260,9.741610
45725005810145,9.754322
45725008263843,9.790303
45725010694104,9.809129
45725013125041,9.850027
45725015556291,9.847394
45725017987229,9.881257
45725020418062,9.853438
45725022848375,9.854946
45725025281395,9.839257
45725027712437,9.807909
45725030145718,9.796148
45725032575562,9.755116
45725035001552,9.749194
45725037433114,9.695635
45725039861968,9.709233
45725042290875,9.671292
45725044722072,9.658037
45725047154312,9.658173
45725049585666,9.643076
45725052015875,9.680599
45725054445666,9.684372
45725056876760,9.704374
45725059308583,9.724753
45725061738843,9.762657
45725064170458,9.802717
45725066601604,9.844872
45725069030979,9.892475
45725071461083,9.908758
45725073890718,9.916241
45725076321812,9.932609
45725078729416,9.972185
45725081158479,9.956616
45725083613843,9.922539
45725086044156,9.879615
45725088472854,9.865236
45725090903739,9.844593
45725093334833,9.822792
45725095765979,9.789683
45725098173010,9.778606
45725100604416,9.749956
45725103058583,9.714394
45725105488375,9.729017
45725107918635,9.721814
45725110351239,9.736174
45725112782229,9.742063
45725115210927,9.736025
45725117641500,9.767224
45725120071604,9.822921
45725122512177,9.847656
45725124944520,9.886170
45725127366552,9.914619
45725129799208,9.923007
45725132229989,9.952147
45725134658427,9.969821
45725137087802,9.967319
45725139525875,9.981448
45725141957645,9.969958
45725144380614,9.930984
45725146810458,9.901479
45725149240458,9.889050
45725151671395,9.830492
45725154102437,9.802752
45725156532593,9.762818
45725158962750,9.740317
45725161393895,9.714310
45725163825458,9.678725
45725166265562,9.691118
45725168695510,9.698417
45725171117385,9.696372
45725173548010,9.706649
45725175977645,9.738593
45725178417281,9.764106
45725180848375,9.814908
45725183270822,9.841208
45725185702541,9.889881
45725188132437,9.926786
45725190562333,9.946422
45725192993166,9.948425
45725195423062,9.957810
45725197859572,9.924979
45725200295510,9.912104
45725202729156,9.871737
45725205154885,9.847613
45725207576239,9.800744
45725210006916,9.765123
45725212437906,9.731863
45725214868166,9.704453
45725217299104,9.671010
45725219733114,9.682941
45725222164260,9.656201
45725224590822,9.680695
45725227032489,9.705390
45725229463583,9.739538
45725231864260,9.754234
45725234295302,9.779375
45725236746500,9.812227
45725239180406,9.863169
45725241608010,9.875485
45725244034989,9.914577
45725246442177,9.938305
45725248873687,9.986807
45725251329260,9.986871
45725253759885,9.955895
45725256189312,9.948051
45725258622697,9.902897
45725261054000,9.879915
45725263481239,9.840377
45725265911604,9.828880
45725268342697,9.757706
45725270749885,9.776988
45725273179729,9.757981
45725275634156,9.751720
45725278066812,9.745476
45725280497958,9.742146
45725282923218,9.751214
45725285353375,9.764474
45725287794572,9.763800
45725290225614,9.793417
45725292649052,9.807946
45725295080354,9.835091
45725297520822,9.872388
45725299983479,9.925592
45725302462906,9.943547
45725304942333,9.960081
45725307421760,9.954659
45725309901083,9.946397
45725312380406,9.944484
45725314859729,9.925942
45725317339104,9.910374
45725319818531,9.862674
45725322297958,9.840992
45725324777333,9.809722
45725327256604,9.789408
45725329735875,9.750961
45725332215145,9.739441
45725334694416,9.736090
45725337174052,9.724507
45725339653739,9.720345
45725342133114,9.743635
45725344612802,9.747716
45725347092437,9.779377
45725349571708,9.800302
45725352050979,9.832881
45725354530250,9.845915
45725357009572,9.888598
45725359488843,9.911659
45725361968062,9.932286
45725364447281,9.938253
45725366926500,9.955244
45725369405718,9.927801
45725371884937,9.936217
45725374364156,9.926883
45725376843375,9.883113
45725379322541,9.842430
45725381801708,9.818640
45725384280927,9.795666
45725386759729,9.753134
45725389238479,9.739069
45725391717645,9.714841
45725394196864,9.706944
45725396676083,9.698812
45725399154052,9.702261
45725401632125,9.720004
45725404111447,9.719096
45725406590770,9.760237
45725409070093,9.789773
45725411549416,9.805943
45725414028791,9.827105
45725416508166,9.871020
45725418987541,9.868536
45725421458375,9.927914
45725423905145,9.942689
45725426334937,9.952865
45725428764000,9.950047
45725431194260,9.921596
45725433625302,9.898268
45725436055822,9.853951
45725438487072,9.842386
45725440917593,9.801480
45725443347437,9.783219
45725445778531,9.750584
45725448208895,9.698859
45725450616447,9.702711
45725453050458,9.702632
45725455504729,9.681951
45725457931968,9.688970
45725460361708,9.716313
45725462792906,9.720761
45725465224000,9.751016
45725467654104,9.758862
45725470063479,9.799537
45725472494937,9.831596
45725474948114,9.868675
45725477377958,9.877283
45725479806968,9.908333
45725482238062,9.924507
45725484668947,9.922692
45725487099312,9.958891
45725489529572,9.928641
45725491960614,9.921653
45725494402697,9.879120
45725496832802,9.842884
45725499229052,9.803397
45725501660770,9.769608
45725504115718,9.723750
45725506545979,9.708480
45725508952906,9.700008
45725511384364,9.688680
45725513838843,9.693089
45725516268531,9.714788
45725518698218,9.719671
45725521129416,9.749376
45725523560718,9.783556
45725525991239,9.797228
45725528421500,9.850755
45725530852177,9.877690
45725533283114,9.899980
45725535713635,9.921142
45725538144000,9.925103
45725540574833,9.919476
45725543005875,9.923218
45725545436291,9.911524
45725547866447,9.894966
45725550297177,9.887174
45725552728635,9.861737
45725555158895,9.807858
45725557589260,9.806664
45725560020354,9.727640
45725562450875,9.738709
45725564881552,9.724739
45725567312072,9.692664
45725569751656,9.701798
45725572182802,9.696880
45725574604104,9.711591
45725577033895,9.739085
45725579464937,9.769523
45725581896135,9.775242
45725584326395,9.816179
45725586756916,9.858246
45725589188531,9.886538
45725591619208,9.897488
45725594030822,9.963984
45725596461500,9.979354
45725598886968,9.975616
45725601319572,9.971069
45725603773583,9.936381
45725606202541,9.919732
45725608634312,9.877875
45725611065822,9.852885
45725613496031,9.807944
45725615925718,9.777026
45725618356812,9.710110
45725620787906,9.721864
45725623218062,9.685503
45725625646447,9.678531
45725628076343,9.680029
45725630507906,9.693631
45725632938010,9.721333
45725635369625,9.748319
45725637802072,9.762085
45725640232645,9.783667
45725642662125,9.833325
45725645092020,9.896570
45725647523687,9.906332
45725649954729,9.965463
45725652384833,10.011267
45725654815093,10.028783
45725657245927,10.014473
45725659678270,10.010134
45725662107750,9.984174
45725664535979,9.950205
45725666967906,9.915816
45725669399000,9.883119
45725671828427,9.833252
45725674237697,9.792656
45725676669156,9.757911
45725679121135,9.756554
45725681550979,9.763359
45725683981447,9.729709
45725686414729,9.746742
45725688846291,9.750375
45725691274416,9.744836
45725693706447,9.768380
45725696124520,9.787768
45725698529937,9.816531
45725700973062,9.815168
45725703426916,9.851105
45725705857437,9.890085
45725708288062,9.905745
45725710718843,9.920515
45725713150250,9.936474
45725715581343,9.943149
45725718012385,9.940243
45725720442645,9.920302
45725722871135,9.893093
45725725303531,9.876787
45725727736447,9.841056
45725730168531,9.814600
45725732598687,9.778575
45725735028375,9.757272
45725737459052,9.742930
45725739887854,9.719985
45725742317854,9.708469
45725744748947,9.695251
45725747180510,9.711078
45725749611395,9.706576
45725752041083,9.738218
45725754471500,9.746750
45725756902958,9.770972
45725759333739,9.799879
45725761763635,9.820131
45725764192906,9.842702
45725766624416,9.857114
45725769056395,9.878367
45725771486083,9.875955
45725773916656,9.863883
45725776347750,9.885839
45725778778531,9.870003
45725781209312,9.854832
45725783639885,9.804554
45725786071031,9.785806
45725788501760,9.759540
45725790931343,9.741235
45725793362281,9.712352
45725795793427,9.701869
45725798199729,9.678013
45725800606395,9.686184
45725803061083,9.673120
45725805515770,9.692509
45725807945979,9.704142
45725810376135,9.754157
45725812807125,9.761992
45725815214364,9.790380
45725817645406,9.845016
45725820100614,9.883152
45725822531552,9.920097
45725824962177,9.939284
45725827392437,9.956397
45725829828270,9.935929
45725832270614,9.931030
45725834695875,9.925226
45725837126812,9.894996
45725839594208,9.801729
45725842074260,9.779957
45725844553583,9.738247
45725847032802,9.729766
45725849512125,9.720657
45725851992072,9.695038
45725854471968,9.684404
45725856951760,9.709637
45725859431552,9.695061
45725861909520,9.744581
45725864388114,9.753119
45725866867958,9.792596
45725869347281,9.797255
45725871826656,9.828050
45725874306552,9.868257
45725876786968,9.880075
45725879267489,9.931667
45725881747333,9.944931
45725884227020,9.975043
45725886706343,9.981949
45725889185718,9.991608
45725891665406,9.972249
45725894144937,9.944781
45725896623322,9.890450
45725899099989,9.865423
45725901578531,9.839354
45725904058218,9.810095
45725906537333,9.785152
45725909017020,9.772017
45725911496708,9.742927
45725913976343,9.747247
45725916455875,9.750720
45725918934833,9.750805
45725921414364,9.754119
45725923893895,9.779666
45725926371656,9.798388
45725928849520,9.844660
45725931329260,9.875629
45725933809000,9.928253
45725936288010,9.946740
45725938767593,9.971060
45725941247125,9.993918
45725943726083,9.991960
45725946205145,10.002385
45725948684833,9.966394
45725951164520,9.924056
45725953643583,9.926900
45725956123218,9.887283
45725958602854,9.835707
45725961078947,9.809053
45725963518843,9.781569
45725965950614,9.759167
45725968393531,9.728412
45725970811552,9.693202
45725973229937,9.701286
45725975679572,9.702724
45725978110614,9.705565
45725980534312,9.738744
45725982964729,9.747841
45725985382802,9.784261
45725987813791,9.790766
45725990244833,9.840168
45725992686656,9.865215
45725995116968,9.888556
45725997549000,9.928800
45726000017958,9.922810
45726002498062,9.922526
45726004976968,9.930488
45726007456500,9.901670
45726009936031,9.873506
45726012415614,9.819025
45726014895197,9.809424
45726017374260,9.794196
45726019853791,9.739352
45726022333270,9.733763
45726024812177,9.711457
45726027291135,9.674780
45726029770666,9.679668
45726032250093,9.672142
45726034728895,9.723249
45726037207697,9.715243
45726039686500,9.758943
45726042165927,9.796372
45726044645302,9.812622
45726047124104,9.850082
45726049602906,9.890416
45726052081708,9.921118
45726054561135,9.953819
45726057040562,9.980952
45726059520041,9.989863
45726061999520,9.964835
45726064479000,9.955666
45726066958479,9.893126
45726069437906,9.856890
45726071917958,9.837626
45726074397385,9.781144
45726076876760,9.743432
45726079355614,9.732942
45726081834520,9.720043
45726084313947,9.713983
45726086793375,9.710392
45726089273739,9.716995
45726091753427,9.719499
45726094232593,9.743209
45726096711812,9.769962
45726099189364,9.803008
45726101667020,9.824394
45726104146500,9.840676
45726106626552,9.873410
45726109105979,9.885432
45726111583635,9.900306
45726114060197,9.910258
45726116537229,9.911018
45726119019885,9.917449
45726121466864,9.907715
45726123884260,9.895587
45726126314520,9.874174
45726128773322,9.846619
45726131256187,9.801444
45726133735458,9.779451
45726136214312,9.750257
45726138693531,9.748581
45726141173218,9.728988
45726143651812,9.732165
45726146129885,9.720931
45726148608114,9.732287
45726151086447,9.742465
45726153565822,9.749673
45726156045093,9.808421
45726158523895,9.844547
45726161003114,9.887285
45726163482333,9.913310
45726165961500,9.940433
45726168439520,9.985698
45726170917697,9.999130
45726173397125,10.022961
45726175876083,9.990063
45726178355458,9.992192
45726180834781,9.953967
45726183314156,9.922051
45726185793479,9.856703
45726188272802,9.825678
45726190752125,9.811463
45726193230041,9.763074
45726195708375,9.724756
45726198186656,9.691559
45726200664625,9.690774
45726203143791,9.668998
45726205623322,9.668045
45726208103218,9.688824
45726210582750,9.713285
45726213061864,9.710260
45726215541343,9.753102
45726218021447,9.798866
45726220501552,9.813619
45726222981500,9.851665
45726225461343,9.885960
45726227940666,9.925056
45726230419312,9.924497
45726232898062,9.946154
45726235377177,9.935093
45726237856239,9.921517
45726240335822,9.881060
45726242815354,9.860959
45726245294416,9.839891
45726247773843,9.801339
45726250253322,9.766347
45726252732750,9.742991
45726255184260,9.715774
45726257620093,9.687605
45726260061031,9.654386
45726262492333,9.665273
45726264912541,9.658303
45726267341552,9.702450
45726269783114,9.693230
45726272216239,9.699866
45726274645093,9.727155
45726277073687,9.755187
45726279495875,9.811379
45726281918322,9.838155
45726284348687,9.875294
45726286787489,9.880631
45726289227333,9.900553
45726291659625,9.914313
45726294082020,9.891098
45726296510770,9.875206
45726298972854,9.840901
45726301452697,9.799546
45726303932281,9.754261
45726306411447,9.733176
45726308890718,9.713731
45726311370406,9.705965
45726313850041,9.707892
45726316329208,9.685986
45726318808375,9.686427
45726321287541,9.703784
45726323766760,9.719437
45726326246343,9.756253
45726328725927,9.802685
45726331205093,9.821559
45726333684156,9.893839
45726336163739,9.921372
45726338643375,9.945682
45726341122593,9.968012
45726343601395,10.005162
45726346080145,10.026552
45726348559312,10.019682
45726351038843,9.984848
45726353518322,9.980520
45726355997489,9.937679
45726358476656,9.886037
45726360955770,9.858216
45726363434937,9.814423
45726365914520,9.779346
45726368393687,9.757275
45726370872385,9.726110
45726373351500,9.719227
45726375830718,9.739603
45726378309989,9.753015
45726380789260,9.765773
45726383268114,9.788726
45726385747385,9.814117
45726388226604,9.863472
45726390705354,9.897433
45726393183895,9.925636
45726395662906,9.936155
45726398141031,9.968194
45726400618791,9.995523
45726403098114,10.000371
45726405577489,10.007670
45726408056864,9.984348
45726410536656,9.976989
45726413016395,9.938534
45726415495770,9.894064
45726417975093,9.858390
45726420448427,9.825730
45726422904000,9.798574
45726425364468,9.770808
45726427841187,9.748004
45726430319468,9.730750
45726432797750,9.738698
45726435276291,9.752237
45726437756395,9.767577
45726440235927,9.787412
45726442714000,9.812897
45726445192541,9.845860
45726447671135,9.858915
45726450148166,9.888720
45726452626812,9.897150
45726455107072,9.927131
45726457586968,9.943465
45726460066343,9.942720
45726462546083,9.934712
45726465026187,9.941615
45726467506291,9.885277
45726469986395,9.856307
45726472466552,9.849577
45726474946239,9.818467
45726477425822,9.782998
45726479905250,9.756804
45726482384729,9.721873
45726484864677,9.715251
45726487344572,9.669887
45726489824104,9.650994
45726492303635,9.669553
45726494783583,9.672402
45726497261916,9.673153
45726499740250,9.685917
45726502220093,9.716103
45726504699468,9.741768
45726507178531,9.781581
45726509657593,9.822991
45726512137072,9.839450
45726514616500,9.845383
45726517095927,9.873248
45726519575718,9.893589
45726522055510,9.881054
45726524534885,9.867062
45726527014260,9.877148
45726529492697,9.836315
45726531971187,9.799468
45726534451083,9.792664
45726536930927,9.752300
45726539410302,9.715650
45726541889312,9.708657
45726544368322,9.679665
45726546847697,9.671567
45726549304885,9.662948
45726551728895,9.675070
45726554150822,9.702825
45726556589052,9.706628
45726559019572,9.741130
45726561450354,9.748384
45726563881187,9.804193
45726566303583,9.833397
45726568741864,9.874743
45726571173062,9.889699
45726573604468,9.924082
45726576034781,9.949183
45726578465145,9.973338
45726580905145,9.956524
45726583335354,9.944132
45726585756447,9.933434
45726588187020,9.885962
45726590633479,9.854368
45726593064520,9.828824
45726595479781,9.776851
45726597880145,9.765195
45726600311187,9.755110
45726602772385,9.744713
45726605202645,9.753488
45726607624677,9.751886
45726610063322,9.764841
45726612494364,9.768336
45726614925354,9.787991
45726617388947,9.851640
45726619868375,9.872473
45726622347385,9.897436
45726624826395,9.922491
45726627305770,9.962570
45726629785093,9.983496
45726632264520,9.995557
45726634744260,9.996227
45726637223531,9.979545
45726639702489,9.960091
45726642181447,9.930546
45726644660875,9.936577
45726647140666,9.878419
45726649619989,9.843087
45726652099260,9.813024
45726654578635,9.803666
45726657058010,9.786880
45726659537802,9.779461
45726662016083,9.793520
45726664493947,9.787409
45726666973427,9.795439
45726669453322,9.790566
45726671933270,9.815176
45726674412750,9.855043
45726676892177,9.887847
45726679371604,9.920347
45726681850979,9.935993
45726684330718,9.952402
45726686810458,9.962361
45726689289781,9.982345
45726691769104,9.958195
45726694248479,9.975389
45726696727906,9.937084
45726699206187,9.926109
45726701684052,9.900110
45726704163062,9.867267
45726706642125,9.821998
45726709121656,9.795888
45726711601083,9.754554
45726714080510,9.740561
45726716560354,9.719387
45726719040145,9.712658
45726721519468,9.715965
45726723998687,9.704914
45726726478427,9.712179
45726728957750,9.729339
45726731436552,9.750844
45726733915770,9.777388
45726736395041,9.809530
45726738873166,9.833496
45726741327281,9.856773
45726743757750,9.877964
45726746180770,9.884477
45726748603947,9.895238
45726751042645,9.899958
45726753480197,9.898899
45726755902125,9.886426
45726758333635,9.858338
45726760772541,9.843028
45726763202333,9.798724
45726765624572,9.766141
45726768056239,9.729519
45726770486604,9.690002
45726772916812,9.662807
45726775356552,9.669093
45726777787437,9.646372
45726780208791,9.654065
45726782630927,9.670209
45726785062020,9.679522
45726787501552,9.678781
45726789940562,9.709389
45726792370354,9.745580
45726794792593,9.748958
45726797223583,9.784516
45726799686864,9.832633
45726802166656,9.858205
45726804645979,9.879107
45726807125510,9.894413
45726809605458,9.871841
45726812085250,9.879661
45726814564677,9.853286
45726817044000,9.818100
45726819523322,9.773536
45726822002697,9.764351
45726824482489,9.730893
45726826962229,9.727486
45726829441552,9.709909
45726831920822,9.692368
45726834400093,9.688994
45726836879312,9.694937
45726839359000,9.729534
45726841838635,9.725306
45726844316916,9.751308
45726846795302,9.775265
45726849274625,9.817817
45726851753947,9.864719
45726854233322,9.863314
45726856712333,9.910946
45726859191708,9.941200
45726861671135,9.954645
45726864150562,9.964504
45726866629885,9.986622
45726869109208,10.000626
45726871588947,9.986632
45726874068687,9.943946
45726876548010,9.919767
45726879027281,9.885756
45726881506031,9.857533
45726883984833,9.807076
45726886464625,9.769712
45726888944312,9.740886
45726891423635,9.725840
45726893903166,9.745082
45726896383114,9.733969
45726898861239,9.723626
45726901338947,9.735529
45726903818322,9.780173
45726906298114,9.843260
45726908777385,9.872778
45726911256343,9.885118
45726913735666,9.911279
45726916215354,9.949946
45726918695041,10.005058
45726921164833,9.997075
45726923618010,10.006859
45726926047854,10.039274
45726928478947,10.011129
45726930911135,9.972933
45726933333479,9.950222
45726935771864,9.905975
45726938201708,9.866043
45726940632645,9.812099
45726943063687,9.790567
45726945492645,9.743655
45726947922802,9.740149
45726950347072,9.712984
45726952787385,9.688099
45726955216447,9.683023
45726957637333,9.686268
45726960068322,9.720904
45726962507229,9.729587
45726964946135,9.760356
45726967368843,9.789186
45726969791864,9.830581
45726972230927,9.850369
45726974661031,9.850549
45726977091291,9.899175
45726979521864,9.913602
45726981948427,9.943625
45726984386916,9.915485
45726986813427,9.914247
45726989244729,9.906460
45726991708791,9.820191
45726994188062,9.796936
45726996665770,9.746569
45726999144000,9.716264
45727001624781,9.710507
45727004103947,9.690917
45727006581708,9.674783
45727009061083,9.683741
45727011540875,9.672854
45727014020666,9.666181
45727016500041,9.687616
45727018979052,9.690709
45727021458479,9.727966
45727023938322,9.740594
45727026417697,9.779151
45727028896760,9.802461
45727031376552,9.818202
45727033856552,9.844199
45727036335770,9.885617
45727038814677,9.891852
45727041293791,9.878957
45727043772854,9.884157
45727046251656,9.867729
45727048730927,9.867774
45727051210250,9.826656
45727053689208,9.818792
45727056168114,9.789721
45727058647385,9.765119
45727061127020,9.730353
45727063606656,9.701156
45727066085927,9.701151
45727068565145,9.678794
45727071044364,9.697130
45727073523531,9.702635
45727076002750,9.718232
45727078481656,9.741794
45727080959416,9.773868
45727083437645,9.779269
45727085917489,9.840739
45727088396916,9.879989
45727090874781,9.905684
45727093352697,9.921102
45727095832333,9.953328
45727098310927,9.955761
45727100789052,9.968153
45727103268687,9.949303
45727105748322,9.932536
45727108227958,9.906675
45727110707906,9.867620
45727113187802,9.851833
45727115667802,9.790094
45727118147802,9.770123
45727120627854,9.742738
45727123107489,9.748134
45727125587072,9.751395
45727128065510,9.767794
45727130544000,9.771300
45727133023687,9.772118
45727135503375,9.807317
45727137983062,9.813546
45727140462645,9.854154
45727142942281,9.872018
45727145422020,9.909133
45727147901604,9.933230
45727150380770,9.944503
45727152860302,9.988370
45727155339729,9.998557
45727157819208,9.989226
45727160299052,9.975673
45727162778843,9.963055
45727165258166,9.935971
45727167736656,9.892567
45727170215197,9.856171
45727172694625,9.824371
45727175174104,9.805280
45727177653166,9.779926
45727180132177,9.771453
45727182611239,9.733954
45727185090718,9.736701
45727187570562,9.736448
45727190050354,9.715217
45727192529729,9.749527
45727195009104,9.773899
45727197487281,9.806556
45727199965562,9.822377
45727202445458,9.844256
45727204925041,9.903140
45727207404104,9.929452
45727209883479,9.943901
45727212362854,9.973964
45727214842229,9.963771
45727217320510,9.962898
45727219798479,9.939576
45727222277854,9.889671
45727224757281,9.851870
45727227236708,9.811576
45727229716187,9.799376
45727232195875,9.752351
45727234675927,9.737875
45727237155145,9.706205
45727239602489,9.695963
45727242034104,9.701906
45727244464000,9.682602
45727246895250,9.674178
45727249334104,9.687167
45727251763843,9.697785
45727254196239,9.680256
45727256617958,9.725222
45727259038322,9.746662
45727261479781,9.788481
45727263912125,9.816337
45727266340093,9.850292
45727268770197,9.886800
45727271193687,9.893052
45727273633114,9.912121
45727276062802,9.928016
45727278486343,9.893744
45727280917645,9.887394
45727283355562,9.845942
45727285794000,9.835938
45727288223427,9.798898
45727290647125,9.762692
45727293077958,9.761714
45727295508375,9.722651
45727297908166,9.707358
45727300339520,9.674385
45727302793062,9.681156
45727305230041,9.667984
45727307669729,9.670246
45727310092229,9.696926
45727312515979,9.723309
45727314955718,9.774826
45727317393322,9.812112
45727319824260,9.845335
45727322245770,9.885098
45727324668322,9.916741
45727327105718,9.950704
45727329544104,9.947920
45727331976656,9.948151
45727334399468,9.946487
45727336829000,9.930222
45727339267541,9.916922
45727341699364,9.888040
45727344121239,9.868120
45727346551291,9.823317
45727348981968,9.803921
45727351411916,9.766180
45727353843062,9.740323
45727356266395,9.734571
45727358704520,9.737871
45727361134364,9.723436
45727363564260,9.715917
45727366003062,9.746162
45727368434364,9.748114
45727370856812,9.792005
45727373286916,9.826205
45727375717125,9.862258
45727378148531,9.919499
45727380579468,9.944761
45727383001395,9.977788
45727385440093,10.015779
45727387871239,10.004107
45727390302177,9.988882
45727392741135,9.985086
45727395171135,9.978223
45727397600354,9.943288
45727400023791,9.910183
45727402456864,9.878262
45727404893479,9.858768
45727407304312,9.813430
45727409732906,9.811063
45727412183218,9.787242
45727414620718,9.742064
45727417077958,9.768015
45727419557333,9.787864
45727422036239,9.759470
45727424514729,9.783273
45727426993583,9.823323
45727429473010,9.840617
45727431952333,9.868629
45727434431656,9.898637
45727436911083,9.910864
45727439390875,9.942905
45727441870197,9.944282
45727444349208,9.959197
45727446828531,9.963724
45727449306604,9.962003
45727451785093,9.925249
45727454265250,9.916797
45727456745197,9.895210
45727459224625,9.846680
45727461703687,9.828673
45727464182802,9.796376
45727466662281,9.753097
45727469142125,9.727406
45727471621916,9.707461
45727474101291,9.701364
45727476580354,9.692226
45727479060093,9.692430
45727481540093,9.689223
45727484019364,9.735687
45727486498270,9.756892
45727488977593,9.773449
45727491457281,9.823348
45727493936552,9.840240
45727496415927,9.863295
45727498894156,9.894684
45727501372385,9.912471
45727503852281,9.905090
45727506331760,9.903657
45727508810770,9.893056
45727511289729,9.876002
45727513769104,9.861117
45727516248427,9.826774
45727518727385,9.805202
45727521206760,9.755666
45727523686135,9.721221
45727526165145,9.710438
45727528644572,9.699980
45727531124416,9.666534
45727533603791,9.656009
45727536083166,9.661691
45727538550822,9.653988
45727541001604,9.679092
45727543440927,9.691324
45727545871968,9.737656
45727548299677,9.748853
45727550709833,9.789148
45727553134885,9.813943
45727555586187,9.839886
45727558025354,9.876769
45727560447854,9.892734
45727562870458,9.896047
45727565309104,9.884544
45727567747489,9.876281
45727570177750,9.864493
45727572600666,9.823230
45727575031916,9.817628
45727577470406,9.781233
45727579900197,9.767414
45727582322750,9.729092
45727584747906,9.698793
45727587178375,9.688704
45727589614468,9.682939
45727592045093,9.666315
45727594468531,9.676713
45727596898843,9.691300
45727599307229,9.719231
45727601740666,9.728395
45727604193427,9.784347
45727606629260,9.788527
45727609092333,9.884109
45727611571916,9.927543
45727614050979,9.945517
45727616530458,9.944607
45727619009885,9.945505
45727621489364,9.973000
45727623968843,9.955081
45727626448218,9.937524
45727628927645,9.882172
45727631406812,9.855776
45727633885979,9.833333
45727636365145,9.816658
45727638844572,9.790620
45727641324416,9.769300
45727643804260,9.716219
45727646282489,9.729095
45727648760406,9.722142
45727651239572,9.717498
45727653719052,9.731316
45727656198479,9.760776
45727658677541,9.781923
45727661156604,9.822748
45727663634572,9.851707
45727666112593,9.861269
45727668591812,9.912663
45727671071447,9.913575
45727673551135,9.939160
45727676030822,9.959189
45727678510354,9.953408
45727680989833,9.945749
45727683469781,9.944926
45727685949260,9.898391
45727688428687,9.878485
45727690908166,9.872596
45727693387593,9.825129
45727695866916,9.826086
45727698345041,9.786598
45727700823843,9.763091
45727703303375,9.745145
45727705781239,9.748597
45727708259156,9.752541
45727710738270,9.760866
45727713217385,9.776625
45727715696916,9.773982
45727718176812,9.802627
45727720656291,9.836607
45727723135354,9.881418
45727725614416,9.895832
45727728093895,9.924092
45727730567489,9.959846
45727733026031,9.969384
45727735465510,9.989488
45727737886656,9.977935
45727740309416,9.963349
45727742739937,9.914760
45727745177072,9.893037
45727747608583,9.861178
45727750039937,9.832815
45727752469625,9.821158
45727754892489,9.766679
45727757324000,9.753097
45727759754000,9.720992
45727762191395,9.729728
45727764621760,9.707103
45727767052333,9.719043
45727769491864,9.731355
45727771922229,9.743062
45727774344052,9.766504
45727776750458,9.773527
45727779181239,9.814103
45727781636604,9.833091
45727784066864,9.864336
45727786489781,9.904796
45727788920875,9.942919
45727791351708,9.970809
45727793789625,9.977336
45727796219729,9.946471
45727798621968,9.936543
45727801056031,9.913275
45727803507541,9.872370
45727805942802,9.828490
45727808373635,9.793085
45727810804260,9.776712
45727813234520,9.741666
45727815664989,9.744062
45727818095822,9.716404
45727820518375,9.723812
45727822956864,9.715323
45727825378583,9.717136
45727827810822,9.712565
45727830250510,9.716984
45727832672020,9.759465
45727835111291,9.797439
45727837542072,9.816233
45727839979156,9.827744
45727842418114,9.868575
45727844835197,9.902359
45727847258895,9.937039
45727849695979,9.968081
45727852135197,9.978574
45727854567385,9.960310
45727856988479,9.962400
45727859418010,9.954672
45727861849208,9.931108
45727864281083,9.902751
45727866711916,9.876201
45727869133270,9.836576
45727871570979,9.811746
45727874002177,9.758007
45727876434364,9.726508
45727878864781,9.729999
45727881294156,9.691824
45727883734312,9.697563
45727886166031,9.701204
45727888587541,9.728722
45727891017906,9.766366
45727893457385,9.770486
45727895879364,9.813885
45727898278166,9.848954
45727900710666,9.880563
45727903173583,9.922280
45727905611031,9.947259
45727908032593,9.952205
45727910461656,9.982304
45727912891447,9.976437
45727915326552,9.967424
45727917765979,9.948209
45727920192229,9.936198
45727922614104,9.908762
45727925047072,9.860198
45727927478010,9.822433
45727929907489,9.813813
45727932339052,9.766238
45727934774781,9.738752
45727937212958,9.697456
45727939629416,9.688434
45727942059104,9.661556
45727944499364,9.679268
45727946930093,9.710587
45727949351135,9.759336
45727951782802,9.771782
45727954215354,9.801592
45727956644729,9.843428
45727959083375,9.867133
45727961514156,9.893401
45727963935354,9.931405
45727966365562,9.930917
45727968804625,9.973845
45727971235614,9.943614
45727973657697,9.929852
45727976087958,9.923312
45727978518270,9.891128
45727980949312,9.866469
45727983380354,9.839232
45727985803531,9.802005
45727988241864,9.775966
45727990672072,9.738352
45727993102906,9.696821
45727995526552,9.668799
45727997927177,9.672372
45728000364885,9.662817
45728002817802,9.659362
45728005255927,9.672318
45728007686500,9.699398
45728010117593,9.743842
45728012548375,9.754759
45728014978583,9.815564
45728017408635,9.873862
45728019845093,9.889733
45728022284416,9.913958
45728024701500,9.939950
45728027123687,9.948359
45728029563270,9.936028
45728031994260,9.925037
45728034417177,9.863848
45728036857385,9.860886
45728039299364,9.830002
45728041721656,9.795077
45728044140822,9.757234
45728046576239,9.742656
45728049007229,9.712708
45728051439937,9.698173
45728053881395,9.687943
45728056304937,9.705248
45728058723843,9.691215
45728061163062,9.698278
45728063594416,9.719840
45728066024833,9.774312
45728068455770,9.800596
45728070878322,9.810184
45728073316500,9.861586
45728075746656,9.894543
45728078169364,9.920564
45728080625875,9.937648
45728083065093,9.972419
45728085469468,9.980025
45728087900666,9.979967
45728090340250,9.924426
45728092760093,9.922254
45728095189156,9.897147
45728097628895,9.867638
45728100084677,9.817714
45728102564052,9.823214
45728105042958,9.800855
45728107522281,9.781773
45728110001604,9.785149
45728112480822,9.794198
45728114960041,9.781234
45728117438895,9.794430
45728119918114,9.841175
45728122397281,9.856431
45728124876552,9.868990
45728127356291,9.914246
45728129835927,9.920164
45728132315093,9.936662
45728134794312,9.962892
45728137273583,9.953535
45728139752854,9.934196
45728142233739,9.932952
45728144714156,9.907220
45728147192906,9.881392
45728149671968,9.846076
45728152150979,9.834188
45728154629781,9.778313
45728157109000,9.754488
45728159588427,9.736430
45728162067437,9.729935
45728164546447,9.713819
45728167025458,9.729851
45728169504520,9.721941
45728171983947,9.730425
45728174463427,9.780947
45728176942489,9.769364
45728179421135,9.812881
45728181899781,9.848383
45728184378895,9.845985
45728186858427,9.859454
45728189337906,9.871618
45728191816968,9.908354
45728194296031,9.891399
45728196775562,9.894997
45728199253635,9.887725
45728201731708,9.868435
45728204210822,9.831587
45728206689989,9.803804
45728209169520,9.775151
45728211648635,9.736266
45728214127750,9.730590
45728216606864,9.706949
45728219086031,9.691043
45728221565562,9.688025
45728224021604,9.676894
45728226445927,9.685784
45728228876708,9.689132
45728231306552,9.712234
45728233729781,9.747338
45728236160770,9.775922
45728238591968,9.787290
45728241022125,9.841428
45728243451812,9.872861
45728245891239,9.908399
45728248322854,9.913656
45728250754000,9.944987
45728253183947,9.939917
45728255606291,9.958203
45728258036343,9.949528
45728260474312,9.921281
45728262906604,9.877271
45728265335822,9.839664
45728267773947,9.803641
45728270198895,9.785019
45728272621864,9.767721
45728275061500,9.743727
45728277491812,9.719454
45728279912906,9.743664
45728282351864,9.721255
45728284797958,9.724405
45728287219364,9.746341
45728289641447,9.772411
45728292104104,9.830108
45728294584104,9.862951
45728297062333,9.898164
45728299540666,9.911571
45728302020093,9.959325
45728304499468,9.996853
45728306978791,9.987861
45728309457750,10.016889
45728311937125,10.033542
45728314416447,10.015027
45728316895822,9.970659
45728319375145,9.935612
45728321854520,9.909653
45728324333843,9.865383
45728326812750,9.836556
45728329291656,9.815087
45728331770614,9.785098
45728334250041,9.790844
45728336729833,9.780722
45728339209260,9.780198
45728341688739,9.778079
45728344168114,9.801581
45728346647125,9.812420
45728349126552,9.824290
45728351605927,9.873346
45728354085197,9.890737
45728356564833,9.950383
45728359044468,9.954553
45728361523739,9.985824
45728364003166,10.011665
45728366482541,10.018630
45728368961760,10.017527
45728371441395,10.002760
45728373920979,9.984485
45728376400093,9.935892
45728378878531,9.921212
45728381357020,9.868993
45728383836239,9.838155
45728386315458,9.799626
45728388794260,9.746727
45728391273531,9.722118
45728393752802,9.723410
45728396232072,9.738959
45728398710250,9.696053
45728401188635,9.724777
45728403668062,9.739174
45728406147333,9.765075
45728408627072,9.797753
45728411106447,9.812497
45728413585718,9.840127
45728416065562,9.898752
45728418544208,9.930582
45728421022854,9.933113
45728423502593,9.917126
45728425981968,9.924941
45728428461083,9.899514
45728430940562,9.864178
45728433420406,9.853688
45728435900250,9.841316
45728438379781,9.784077
45728440859312,9.764183
45728443339104,9.706759
45728445818531,9.679891
45728448298062,9.674549
45728450776395,9.634702
45728453254104,9.636252
45728455733895,9.648546
45728458214156,9.657559
45728460693583,9.688537
45728463172593,9.720899
45728465651604,9.745633
45728468131031,9.785100
45728470610822,9.825630
45728473090562,9.840692
45728475569885,9.864070
45728478049260,9.896276
45728480528791,9.916280
45728483008375,9.892080
45728485488114,9.910776
45728487966812,9.881747
45728490445093,9.863588
45728492924416,9.825574
45728495404156,9.796323
45728497882281,9.747070
45728500359989,9.720180
45728502838843,9.697337
45728505317177,9.656526
45728507795979,9.663795
45728510275354,9.648388
45728512754677,9.664075
45728515234000,9.667498
45728517713427,9.700505
45728520193218,9.730067
45728522672906,9.783053
45728525152125,9.819944
45728527630979,9.844219
45728530109833,9.889464
45728532589104,9.915487
45728535068322,9.943950
45728537542333,9.976211
45728539969781,9.986778
45728542399729,9.995398
45728544860979,9.974627
45728547292125,9.966112
45728549722281,9.932705
45728552152906,9.887709
45728554575614,9.858269
45728557014156,9.814547
45728559444625,9.771575
45728561876760,9.725359
45728564308166,9.711495
45728566737177,9.675060
45728569167177,9.665822
45728571590302,9.691525
45728574028739,9.679252
45728576459312,9.712728
45728578881864,9.754832
45728581313114,9.771078
45728583745354,9.821876
45728586175875,9.878679
45728588614104,9.906669
45728591044156,9.918222
45728593466447,9.950588
45728595898479,9.970344
45728598306291,9.983314
45728600735197,9.976836
45728603181239,9.938634
45728605620354,9.908327
45728608057593,9.875678
45728610489000,9.839122
45728612920927,9.804605
45728615324104,9.746690
45728617754052,9.721313
45728620211447,9.702050
45728622650197,9.692825
45728625073062,9.650106
45728627504208,9.673714
45728629935302,9.679483
45728632366343,9.705254
45728634804208,9.737822
45728637226552,9.760862
45728639657593,9.787967
45728642087854,9.832758
45728644518166,9.872943
45728646964364,9.899187
45728649387020,9.906254
45728651780822,9.942485
45728654215250,9.952972
45728656667437,9.972078
45728659103895,9.925434
45728661534937,9.929358
45728663965822,9.896782
45728666396395,9.870763
45728668825875,9.842337
45728671288843,9.757328
45728673767645,9.729971
45728676245979,9.703562
45728678725562,9.690100
45728681204000,9.675265
45728683682489,9.675248
45728686162072,9.667366
45728688641708,9.715984
45728691121343,9.725793
45728693600979,9.767359
45728696079468,9.803720
45728698557802,9.863269
45728701037385,9.889943
45728703517125,9.924289
45728705996708,9.960053
45728708475770,9.973391
45728710955302,9.994188
45728713434937,9.970370
45728715914572,9.978241
45728718394625,9.932197
45728720874208,9.898601
45728723353687,9.877241
45728725832072,9.832349
45728728310145,9.792053
45728730789416,9.781199
45728733269052,9.745831
45728735748687,9.717033
45728738228270,9.695014
45728740707854,9.672666
45728743187385,9.688702
45728745667281,9.703500
45728748147177,9.715132
45728750626708,9.762907
45728753106239,9.790690
45728755585614,9.828214
45728758064989,9.855299
45728760544312,9.874407
45728763023270,9.907962
45728765502229,9.924630
45728767981187,9.931022
45728770460510,9.931040
45728772940197,9.924965
45728775419468,9.904285
45728777898322,9.870607
45728780377593,9.839419
45728782856760,9.819118
45728785335927,9.800049
45728787815197,9.766420
45728790294104,9.736681
45728792771604,9.731109
45728795217072,9.721989
45728797649364,9.726642
45728800080718,9.711668
45728802509937,9.726070
45728804948427,9.753642
45728807371447,9.763860
45728809794156,9.791959
45728812225093,9.823040
45728814648427,9.847268
45728817086760,9.878465
45728819524468,9.917567
45728821947125,9.938315
45728824377489,9.973203
45728826814260,9.958208
45728829253635,9.944611
45728831687437,9.950985
45728834110562,9.905181
45728836532437,9.894054
45728838971447,9.875936
45728841412333,9.840393
45728843834937,9.806299
45728846256291,9.783030
45728848692593,9.784673
45728851122489,9.748130
45728853546500,9.741416
45728855985458,9.717352
45728858416083,9.736578
45728860838531,9.720305
45728863269989,9.747562
45728865709625,9.764693
45728868149000,9.800887
45728870577437,9.801904
45728872999572,9.848374
45728875431916,9.888535
45728877861968,9.900708
45728880291135,9.933152
45728882730718,9.950447
45728885151968,9.958529
45728887573322,9.968040
45728890006708,9.951647
45728892445510,9.946554
45728894882281,9.904914
45728897305875,9.873587
45728899708010,9.851836
45728902137177,9.818498
45728904567177,9.787015
45728907001500,9.769145
45728909461708,9.717418
45728911921135,9.730326
45728914401187,9.737392
45728916880770,9.746878
45728919359885,9.780519
45728921839000,9.771260
45728924318166,9.826809
45728926797697,9.843070
45728929277593,9.861425
45728931757125,9.892744
45728934236760,9.912084
45728936716291,9.910035
45728939195666,9.941173
45728941675406,9.947547
45728944155145,9.912059
45728946634520,9.903750
45728949113427,9.879342
45728951592697,9.853735
45728954072333,9.835055
45728956551604,9.799281
45728959030510,9.771405
45728961509729,9.730602
45728963989312,9.718411
45728966469000,9.686674
45728968948635,9.689811
45728971427750,9.674525
45728973907125,9.699096
45728976386500,9.709247
45728978865562,9.724622
45728981345093,9.751502
45728983824572,9.744366
45728986303635,9.782521
45728988782645,9.820118
45728991261656,9.832689
45728993740718,9.839585
45728996220197,9.831715
45728998698166,9.871728
45729001175770,9.854885
45729003654937,9.878099
45729006134104,9.878622
45729008613270,9.852691
45729011092489,9.834134
45729013571291,9.801208
45729016050458,9.788177
45729018529677,9.752580
45729021008895,9.724443
45729023488114,9.724198
45729025967333,9.710727
45729028446552,9.692769
45729030925666,9.701519
45729033405145,9.690131
45729035852072,9.710329
45729038275093,9.732916
45729040718010,9.739054
45729043149729,9.779703
45729045575406,9.825504
45729048013791,9.850423
45729050449000,9.872451
45729052906760,9.938057
45729055386447,9.929261
45729057865718,9.925224
45729060344989,9.937209
45729062823062,9.913270
45729065301239,9.880053
45729067781083,9.842949
45729070260458,9.816999
45729072739781,9.765733
45729075219468,9.761538
45729077699208,9.751594
45729080178479,9.718316
45729082657750,9.707597
45729085137385,9.714383
45729087616552,9.710360
45729090095458,9.726451
45729092574729,9.752964
45729095053895,9.774016
45729097531552,9.809565
45729100009729,9.834155
45729102489052,9.865387
45729104966864,9.894172
45729107445250,9.910127
45729109925250,9.959252
45729112404729,9.950667
45729114884208,9.967633
45729117363687,9.941124
45729119843218,9.933643
45729122323062,9.911469
45729124802541,9.892363
45729127281604,9.863056
45729129761447,9.831118
45729132241291,9.806664
45729134721083,9.784242
45729137200927,9.778173
45729139679989,9.765651
45729142159416,9.745654
45729144638947,9.756992
45729147118427,9.764064
45729149597958,9.760006
45729152077489,9.772763
45729154557385,9.798429
45729157037229,9.798332
45729159516656,9.834907
45729161996031,9.845679
45729164475406,9.864495
45729166954833,9.898398
45729169434625,9.910180
45729171914000,9.913431
45729174380041,9.908772
45729176829885,9.898200
45729179269572,9.906227
45729181700458,9.894988
45729184121864,9.877091
45729186552593,9.846404
45729188983739,9.799730
45729191414364,9.797267
45729193844520,9.772920
45729196267802,9.757149
45729198677333,9.742684
45729201107541,9.746884
45729203567958,9.775616
45729206007229,9.752309
45729208437697,9.768680
45729210843947,9.788538
45729213274468,9.805701
45729215720770,9.815063
45729218151708,9.859255
45729220590979,9.871609
45729223046708,9.928499
45729225526552,9.929482
45729228006031,9.955253
45729230485354,9.934247
45729232964677,9.892891
45729235444000,9.903257
45729237923739,9.863389
45729240403479,9.868506
45729242882750,9.822815
45729245361968,9.793339
45729247841187,9.776119
45729250320406,9.739633
45729252800093,9.703896
45729255279781,9.702362
45729257759000,9.691857
45729260237802,9.697512
45729262715718,9.700361
45729265194104,9.723027
45729267673427,9.739902
45729270152802,9.763770
45729272632072,9.790970
45729275111395,9.809020
45729277591135,9.841362
45729280070875,9.874346
45729282550250,9.916168
45729285029677,9.915555
45729287509468,9.935731
45729289989208,9.932414
45729292468479,9.928335
45729294948010,9.931252
45729297426291,9.886901
45729299904468,9.868844
45729302384312,9.835536
45729304864052,9.808785
45729307343375,9.752521
45729309823010,9.771155
45729312302593,9.739414
45729314781916,9.742845
45729317261343,9.731996
45729319740250,9.723471
45729322219520,9.747357
45729324698895,9.777663
45729327178531,9.783352
45729329658583,9.811239
45729332137958,9.860587
45729334615770,9.863669
45729337093583,9.881816
45729339573114,9.913487
45729342052958,9.926541
45729344523010,9.922893
45729346975822,9.935498
45729349414364,9.950397
45729351845562,9.919470
45729354268062,9.924967
45729356690302,9.885922
45729359120614,9.855520
45729361559729,9.823689
45729363990770,9.780078
45729366413270,9.779935
45729368843479,9.759685
45729371273947,9.747037
45729373713270,9.724418
45729376152802,9.708050
45729378582593,9.708723
45729381004937,9.714372
45729383436031,9.753209
45729385865927,9.762147
45729388296552,9.778378
45729390727645,9.813161
45729393151031,9.824569
45729395594260,9.857981
45729398061604,9.916000
45729400540979,9.930884
45729403020302,9.924858
45729405500822,9.951279
45729407981604,9.936912
45729410461083,9.885927
45729412940197,9.873133
45729415419677,9.851158
45729417899156,9.810915
45729420377125,9.775484
45729422853635,9.744473
45729425330250,9.732246
45729427807020,9.706316
45729430284989,9.688769
45729432764156,9.699297
45729435243687,9.685057
45729437723218,9.715692
45729440202854,9.708879
45729442682385,9.764953
45729445161916,9.795977
45729447641552,9.821233
45729450119625,9.834299
45729452597697,9.865067
45729455075822,9.901504
45729457554364,9.953156
45729460033479,9.984909
45729462512645,10.002605
45729464992437,9.993784
45729467472177,9.963511
45729469951916,9.923157
45729472431604,9.884597
45729474911552,9.842600
45729477391187,9.804453
45729479870770,9.778605
45729482350354,9.756254
45729484829625,9.727723
45729487308947,9.736181
45729489788635,9.716856
45729492268218,9.710152
45729494746760,9.740562
45729497226291,9.752542
45729499706500,9.779369
45729502186135,9.789805
45729504666083,9.819421
45729507145927,9.842183
45729509625302,9.855701
45729512104677,9.875047
45729514584000,9.897742
45729517063375,9.911208
45729519540354,9.943727
45729521983739,9.943381
45729524405093,9.938772
45729526843947,9.920604
45729529274833,9.923579
45729531705041,9.897889
45729534144000,9.881853
45729536574885,9.862731
45729538997437,9.845125
45729541420302,9.826123
45729543850458,9.809842
45729546289208,9.782149
45729548720718,9.776134
45729551143270,9.747269
45729553578791,9.749152
45729556009260,9.751451
45729558436083,9.757607
45729560867645,9.773128
45729563297906,9.787718
45729565729104,9.829111
45729568168635,9.857295
45729570604208,9.884723
45729573033687,9.913806
45729575459208,9.936480
45729577885979,9.912204
45729580316291,9.938397
45729582749885,9.932206
45729585187697,9.903098
45729587610562,9.891460
45729590033062,9.866093
45729592463270,9.839624
45729594902854,9.809655
45729597335093,9.775737
45729599734781,9.772752
45729602165145,9.758742
45729604626031,9.751244
45729607065041,9.706887
45729609487958,9.701200
45729611921552,9.693509
45729614388739,9.684689
45729616868166,9.703876
45729619346135,9.725836
45729621824156,9.746996
45729624303947,9.782547
45729626784260,9.814566
45729629263947,9.849782
45729631743531,9.871398
45729634223062,9.892186
45729636702489,9.894681
45729639181968,9.930622
45729641661083,9.911220
45729644140666,9.917387
45729646620197,9.892846
45729649099677,9.864119
45729651579520,9.842168
45729654059000,9.785048
45729656538479,9.759802
45729659017906,9.721945
45729661497229,9.700881
45729663977020,9.666139
45729666456916,9.676950
45729668936343,9.647140
45729671415666,9.667546
45729673895406,9.690536
45729676374781,9.720370
45729678853687,9.734683
45729681331447,9.792193
45729683809625,9.813148
45729686287906,9.843113
45729688765770,9.876708
45729691245302,9.895742
45729693725302,9.946563
45729696205197,9.954376
45729698683479,9.946847
45729701161812,9.952837
45729703641812,9.938691
45729706120875,9.908009
45729708598322,9.886640
45729711076864,9.858349
45729713556604,9.827660
45729716036291,9.791759
45729718515927,9.772299
45729720995562,9.743286
45729723475666,9.709080
45729725955666,9.699616
45729728435145,9.715199
45729730914729,9.722430
45729733394781,9.739352
45729735862541,9.753189
45729738304989,9.788621
45729740743583,9.824736
45729743175458,9.832448
45729745604729,9.860066
45729748033166,9.868649
45729750457229,9.892167
45729752896760,9.924404
45729755359416,9.960698
45729757838947,9.956792
45729760318531,9.960388
45729762798010,9.963279
45729765277437,9.930215
45729767757177,9.913341
45729770236916,9.881458
45729772715093,9.876366
45729775192854,9.847101
45729777672229,9.828579
45729780151604,9.791842
45729782630979,9.767218
45729785110302,9.773433
45729787589729,9.761161
45729790069572,9.780572
45729792549312,9.790328
45729795029000,9.801817
45729797507177,9.823801
45729799984937,9.875578
45729802464312,9.870176
45729804943739,9.908863
45729807423270,9.929963
45729809902750,9.931372
45729812381812,9.949090
45729814861291,9.966042
45729817340770,9.974203
45729819820250,9.942846
45729822300145,9.925902
45729824779989,9.894767
45729827259416,9.876717
45729829738895,9.829473
45729832218739,9.797659
45729834698583,9.794877
45729837178010,9.762728
45729839657385,9.728907
45729842136708,9.747544
45729844616031,9.706928
45729847095875,9.733651
45729849575718,9.745173
45729852055041,9.743327
45729854533947,9.779118
45729857013322,9.793300
45729859492645,9.799396
45729861971500,9.809480
45729864450406,9.851673
45729866929364,9.856977
45729869408687,9.872341
45729871888479,9.902482
45729874367802,9.912293
45729876837593,9.902122
45729879292020,9.887196
45729881723635,9.875820
45729884152177,9.858456
45729886590510,9.837933
45729889013635,9.794280
45729891433947,9.758284
45729893872489,9.730070
45729896313062,9.708208
45729898769625,9.699832
45729901249000,9.708424
45729903727958,9.696289
45729906207385,9.717011
45729908687281,9.744912
45729911166708,9.755479
45729913645770,9.784137
45729916125250,9.818810
45729918605041,9.829027
45729921084781,9.841716
45729923564104,9.874177
45729926043531,9.895632
45729928522281,9.913722
45729931000979,9.901736
45729933480406,9.921353
45729935959833,9.901688
45729938439677,9.874548
45729940919052,9.850842
45729943398427,9.830311
45729945878166,9.798289
45729948357437,9.781901
45729950836708,9.772197
45729953316083,9.753068
45729955795458,9.742494
45729958275197,9.715910
45729960754833,9.728152
45729963234104,9.731270
45729965712906,9.757252
45729968192072,9.756439
45729970671760,9.764025
45729973151031,9.803310
45729975630250,9.829158
45729978109416,9.870375
45729980588583,9.874613
45729983067802,9.904199
45729985546656,9.917437
45729988025927,9.938306
45729990505145,9.928391
45729992984416,9.921963
45729995463739,9.918563
45729997941500,9.896200
45730000419416,9.886210
45730002898479,9.843141
45730005377958,9.824212
45730007857437,9.792195
45730010336812,9.783999
45730012816239,9.762722
45730015295718,9.757944
45730017775562,9.753108
45730020252541,9.722445
45730022697281,9.737266
45730025128322,9.774632
45730027558375,9.776917
45730029988687,9.801025
45730032420250,9.807145
45730034843583,9.844055
45730037281708,9.869566
45730039744312,9.888317
45730042223791,9.912852
45730044703322,9.918297
45730047182750,9.927317
45730049662072,9.912816
45730052142281,9.888699
45730054622020,9.886951
45730057100875,9.879307
45730059580197,9.856108
45730062060041,9.808161
45730064539416,9.790152
45730067018322,9.769640
45730069497593,9.744938
45730071976864,9.729334
45730074456135,9.704517
45730076935718,9.722489
45730079415354,9.720129
45730081894572,9.728704
45730084373791,9.733088
45730086853427,9.748456
45730089333270,9.752848
45730091812645,9.784402
45730094291760,9.821721
45730096769677,9.839345
45730099247697,9.846570
45730101727020,9.870095
45730104205927,9.881554
45730106684833,9.898236
45730109163791,9.904394
45730111643166,9.887264
45730114121343,9.899022
45730116599156,9.891809
45730119078166,9.885540
45730121557177,9.857847
45730124035093,9.814446
45730126512072,9.804693
45730128990302,9.759538
45730131469885,9.742381
45730133949416,9.738215
45730136428947,9.720642
45730138908531,9.726587
45730141388010,9.713459
45730143867437,9.706350
45730146346864,9.740536
45730148826239,9.768995
45730151305354,9.809239
45730153784885,9.822704
45730156264364,9.862041
45730158743843,9.869388
45730161223739,9.882838
45730163673427,9.909039
45730166099677,9.921234
45730168539468,9.919997
45730170970093,9.903312
45730173399156,9.894372
45730175828843,9.887038
45730178252229,9.858904
45730180690354,9.827549
45730183120302,9.794073
45730185551187,9.795425
45730187981968,9.751118
45730190412906,9.737269
45730192851552,9.728467
45730195281395,9.719094
45730197711604,9.725667
45730200117072,9.718941
45730202547333,9.732603
45730205003218,9.740872
45730207426760,9.761710
45730209858166,9.793850
45730212286135,9.836968
45730214716760,9.871349
45730217150145,9.897771
45730219572697,9.905998
45730222010927,9.948507
45730224453791,9.951447
45730226885093,9.944388
45730229315666,9.957422
45730231739208,9.948789
45730234158062,9.939789
45730236589260,9.905595
45730239019364,9.873616
45730241438375,9.846291
45730243868687,9.823047
45730246317437,9.776296
45730248753687,9.744487
45730251175979,9.727681
45730253610250,9.740539
45730256042385,9.723315
45730258464572,9.743649
45730260895250,9.740175
45730263325093,9.767777
45730265764572,9.774151
45730268192281,9.797100
45730270613635,9.822204
45730273056812,9.849690
45730275488010,9.866023
45730277918635,9.883036
45730280357072,9.888814
45730282787854,9.931202
45730285200562,9.933053
45730287632177,9.931094
45730290072541,9.928466
45730292501864,9.900489
45730294933062,9.906669
45730297364625,9.859221
45730299828583,9.786646
45730302308635,9.749273
45730304788166,9.723603
45730307267645,9.684506
45730309747125,9.682173
45730312226552,9.678483
45730314705875,9.692705
45730317184885,9.713736
45730319663947,9.719008
45730322143010,9.784053
45730324622072,9.778403
45730327101135,9.818208
45730329580562,9.837907
45730332060458,9.879418
45730334540302,9.911708
45730337019729,9.907699
45730339499104,9.949522
45730341978479,9.937187
45730344457854,9.944856
45730346937645,9.909704
45730349417020,9.894499
45730351894833,9.867869
45730354373166,9.812868
45730356852645,9.787594
45730359331708,9.771455
45730361809885,9.743048
45730364288583,9.731632
45730366768583,9.717331
45730369248531,9.703065
45730371728375,9.709204
45730374208270,9.719702
45730376686604,9.722339
45730379164520,9.758410
45730381643687,9.781570
45730384123218,9.802655
45730386602750,9.832725
45730389082229,9.872636
45730391562072,9.884689
45730394041968,9.904221
45730396521395,9.930025
45730398999260,9.937177
45730401477645,9.943022
45730403957593,9.931750
45730406437072,9.928168
45730408916916,9.910636
45730411396708,9.882490
45730413876083,9.848604
45730416355510,9.828899
45730418834520,9.806657
45730421311447,9.778751
45730423788791,9.734654
45730426268270,9.720571
45730428747750,9.714952
45730431227697,9.704031
45730433707593,9.734510
45730436187072,9.744804
45730438666187,9.756001
45730441145718,9.791673
45730443625614,9.797283
45730446105458,9.828008
45730448583895,9.858561
45730451062281,9.865830
45730453541812,9.889334
45730456021395,9.928923
45730458501395,9.900978
45730460981395,9.924901
45730463460979,9.908440
45730465940458,9.894139
45730468419885,9.873699
45730470898375,9.836411
45730473376916,9.828589
45730475856500,9.816619
45730478336760,9.786408
45730480816968,9.756082
45730483297229,9.735351
45730485775770,9.714353
45730488253635,9.733849
45730490733166,9.705426
45730493212645,9.711821
45730495692125,9.734465
45730498170458,9.760532
45730500648375,9.778849
45730503127958,9.806262
45730505607385,9.826015
45730508086760,9.856322
45730510566239,9.867956
45730513045666,9.869535
45730515525406,9.895765
45730518005093,9.912273
45730520484416,9.929428
45730522963687,9.886062
45730525443010,9.902114
45730527922281,9.881549
45730530402020,9.847870
45730532881708,9.828978
45730535360927,9.815037
45730537840197,9.796848
45730540319520,9.792137
45730542798791,9.757529
45730545266552,9.756267
45730547710250,9.741583
45730550149364,9.755809
45730552579833,9.766981
45730555009885,9.756780
45730557440875,9.783903
45730559843218,9.806978
45730562277593,9.808876
45730564711604,9.817439
45730567139104,9.857497
45730569595145,9.875601
45730572024989,9.891476
45730574455354,9.934967
45730576895666,9.937165
45730579327020,9.942458
45730581747802,9.923060
45730584169677,9.925654
45730586600875,9.895657
45730589040093,9.874790
45730591470197,9.844005
45730593892333,9.825949
45730596323739,9.774679
45730598736135,9.768459
45730601167437,9.739913
45730603617072,9.732375
45730606055666,9.723203
45730608487229,9.744159
45730610910302,9.748739
45730613339416,9.762685
45730615769937,9.786969
45730618210458,9.800193
45730620647333,9.839830
45730623100562,9.872065
45730625580093,9.880109
45730628059208,9.907187
45730630538375,9.929609
45730633017958,9.920110
45730635497541,9.925829
45730637977020,9.931287
45730640456447,9.910543
45730642935458,9.868389
45730645414937,9.858842
45730647894364,9.839594
45730650373843,9.813866
45730652853739,9.802577
45730655333166,9.785220
45730657811395,9.769194
45730660289625,9.780174
45730662769052,9.783343
45730665248531,9.782937
45730667728166,9.786833
45730670207750,9.808254
45730672686916,9.823464
45730675166135,9.850746
45730677645770,9.846216
45730680125302,9.864241
45730682603270,9.884657
45730685081291,9.895254
45730687560927,9.906176
45730690040562,9.919291
45730692519729,9.916137
45730694999312,9.908828
45730697477750,9.921012
45730699956239,9.901707
45730702435927,9.887131
45730704915562,9.858823
45730707394052,9.826818
45730709871864,9.823263
45730712350979,9.798780
45730714830822,9.775532
45730717310927,9.761771
45730719789468,9.749022
45730722268062,9.737197
45730724748218,9.749683
45730727228270,9.764849
45730729707906,9.740366
45730732187593,9.738569
45730734667333,9.769018
45730737146968,9.771287
45730739627020,9.803865
45730742106656,9.809921
45730744578843,9.828411
45730747026447,9.852167
45730749464833,9.858149
45730751894625,9.860221
45730754325927,9.846169
45730756767125,9.871086
45730759187906,9.872227
45730761617229,9.856994
45730764049208,9.835824
45730766483010,9.821733
45730768918791,9.792256
45730771346656,9.782590
45730773771239,9.767897
45730776191864,9.747431
45730778630614,9.732746
45730781062906,9.730726
45730783493166,9.722003
45730785930718,9.739819
45730788361135,9.738626
45730790783635,9.759205
45730793215041,9.778106
45730795645145,9.793580
45730798046187,9.824928
45730800477281,9.852383
45730802929156,9.857145
45730805367854,9.867208
45730807799312,9.907568
45730810231343,9.921198
45730812662385,9.926263
45730815091239,9.925143
45730817520875,9.899731
45730819944208,9.900267
45730822383114,9.843264
45730824814572,9.808106
45730827247385,9.804346
45730829677906,9.765176
45730832083895,9.743793
45730834523583,9.732922
45730836969208,9.703208
45730839391239,9.713117
45730841832958,9.712502
45730844262125,9.727746
45730846693427,9.749074
45730849161604,9.782476
45730851641708,9.824668
45730854120406,9.832383
45730856599052,9.847879
45730859078218,9.862248
45730861557333,9.874894
45730864036812,9.908284
45730866516291,9.913637
45730868995770,9.917842
45730871475093,9.922503
45730873954468,9.904952
45730876433479,9.887253
45730878912020,9.871594
45730881390562,9.830172
45730883869625,9.810067
45730886348635,9.798240
45730888827697,9.782686
45730891306760,9.761226
45730893784677,9.761957
45730896262593,9.747598
45730898741760,9.737194
45730901220875,9.718382
45730903699208,9.726994
45730906178010,9.743278
45730908658479,9.787049
45730911138843,9.799518
45730913619156,9.807147
45730916099312,9.837049
45730918578687,9.870162
45730921058114,9.890220
45730923537125,9.902236
45730926015822,9.886001
45730928494937,9.927901
45730930974416,9.899990
45730933453895,9.872682
45730935933375,9.863153
45730938413270,9.829207
45730940892750,9.821893
45730943372229,9.798210
45730945851656,9.777430
45730948330666,9.760190
45730950809989,9.727729
45730953289833,9.707025
45730955769989,9.711316
45730958248375,9.694613
45730960726031,9.728377
45730963205302,9.739099
45730965684677,9.763444
45730968164104,9.782903
45730970632958,9.809311
45730973084468,9.813559
45730975514156,9.847738
45730977936656,9.850568
45730980376760,9.879522
45730982807802,9.882030
45730985236968,9.889098
45730987676864,9.889376
45730990099260,9.874449
45730992519833,9.880798
45730994960979,9.873197
45730997392281,9.863028
45730999790510,9.841280
45731002223375,9.821680
45731004669520,9.779757
45731007097697,9.768165
45731009542750,9.751661
45731011973166,9.741497
45731014404468,9.726201
45731016844364,9.740852
45731019275041,9.757103
45731021696552,9.756933
45731024126656,9.782368
45731026557645,9.819458
45731028991812,9.831360
45731031422281,9.849592
45731033842020,9.862576
45731036272854,9.902349
45731038702541,9.940666
45731041141968,9.962567
45731043574312,9.979303
45731046004364,9.968283
45731048442177,9.959018
45731050877229,9.938934
45731053299468,9.917007
45731055725250,9.878967
45731058164208,9.838232
45731060595041,9.836361
45731063017229,9.808254
45731065418322,9.789131
45731067852229,9.754505
45731070305197,9.737357
45731072734052,9.747787
45731075173635,9.739009
45731077604156,9.748517
45731080033218,9.775269
45731082462854,9.799132
45731084887229,9.824973
45731087327125,9.827844
45731089756135,9.841494
45731092187385,9.903551
45731094624572,9.915808
45731097053583,9.928950
45731099509937,9.932581
45731101989468,9.939010
45731104468947,9.932368
45731106948270,9.935847
45731109427958,9.911303
45731111907645,9.890125
45731114386916,9.853290
45731116866239,9.846114
45731119346031,9.795691
45731121825354,9.814543
45731124303114,9.773861
45731126781395,9.773786
45731129260822,9.770831
45731131739781,9.770205
45731134219208,9.761740
45731136699104,9.783991
45731139178531,9.792357
45731141657854,9.814836
45731144137645,9.835268
45731146617437,9.831506
45731149096760,9.856390
45731151576083,9.881408
45731154055354,9.891934
45731156534677,9.906379
45731159014312,9.907850
45731161494000,9.917194
45731163972125,9.892226
45731166450302,9.882221
45731168929677,9.882932
45731171409052,9.855841
45731173888843,9.838634
45731176367020,9.804921
45731178844833,9.808952
45731181324312,9.768307
45731183803739,9.765334
45731186283062,9.754752
45731188763687,9.740118
45731191243895,9.742037
45731193722750,9.729605
45731196202020,9.743789
45731198680302,9.771300
45731201158635,9.769470
45731203638010,9.796180
45731206116968,9.820406
45731208596343,9.839074
45731211075822,9.866086
45731213555250,9.860451
45731216035093,9.894634
45731218514468,9.906342
45731220986812,9.895071
45731223442281,9.907176
45731225872541,9.889666
45731228303635,9.862184
45731230742541,9.860179
45731233177906,9.818475
45731235608843,9.806791
45731238059833,9.741691
45731240539989,9.721992
45731243019677,9.712118
45731245498791,9.721848
45731247977906,9.734836
45731250456812,9.713670
45731252936083,9.723705
45731255415354,9.749087
45731257894677,9.763537
45731260374572,9.782115
45731262853947,9.804182
45731265332854,9.816551
45731267812177,9.838331
45731270291812,9.880542
45731272771395,9.871502
45731275250666,9.886529
45731277730041,9.892626
45731280209312,9.902256
45731282688635,9.884520
45731285168427,9.891088
45731287646552,9.880677
45731290124312,9.833906
45731292603635,9.819084
45731295083062,9.787422
45731297561187,9.787056
45731300039729,9.757593
45731302519625,9.733234
45731304999000,9.743179
45731307478375,9.757542
45731309957802,9.746727
45731312437229,9.758912
45731314916968,9.768969
45731317396291,9.804423
45731319875197,9.833391
45731322354572,9.863297
45731324833531,9.866517
45731327312489,9.901731
45731329791968,9.898237
45731332271343,9.926609
45731334750875,9.932407
45731337230406,9.946776
45731339709781,9.960953
45731342188687,9.930482
45731344667125,9.927999
45731347145614,9.881926
45731349624937,9.855186
45731352104625,9.835603
45731354584364,9.814915
45731357063947,9.756630
45731359542489,9.774979
45731361989104,9.753888
45731364420354,9.725686
45731366860354,9.749086
45731369290770,9.748817
45731371710979,9.752583
45731374140979,9.756742
45731376573687,9.776540
45731379005093,9.787498
45731381435666,9.794407
45731383857645,9.836301
45731386294677,9.846262
45731388725979,9.834976
45731391158062,9.889140
45731393579937,9.877660
45731396010197,9.885615
45731398482645,9.878299
45731400962489,9.844704
45731403442281,9.835779
45731405922072,9.818561
45731408401395,9.789920
45731410880302,9.752373
45731413359572,9.719001
45731415838843,9.714156
45731418318114,9.699663
45731420797333,9.691684
45731423276031,9.695896
45731425755145,9.706424
45731428234468,9.721785
45731430713791,9.702087
45731433193114,9.751343
45731435671187,9.772581
45731438149833,9.795408
45731440628166,9.810861
45731443106031,9.843429
45731445585510,9.840919
45731448064989,9.871644
45731450543010,9.900560
45731453021083,9.886703
45731455500250,9.920999
45731457979833,9.927779
45731460458947,9.894506
45731462938166,9.876680
45731465417854,9.857471
45731467897489,9.818710
45731470377750,9.806490
45731472857854,9.787764
45731475337385,9.771001
45731477816864,9.724713
45731480296343,9.744752
45731482775822,9.726851
45731485255302,9.742209
45731487734364,9.742045
45731490213843,9.773911
45731492693218,9.769520
45731495172593,9.789621
45731497650822,9.819663
45731500129156,9.849263
45731502609156,9.876121
45731505089104,9.875968
45731507568583,9.916055
45731510048218,9.913363
45731512527854,9.927747
45731515007281,9.927987
45731517486760,9.929349
45731519957229,9.921391
45731522411812,9.923933
45731524842281,9.890859
45731527271968,9.880329
45731529702958,9.852639
45731532134104,9.825813
45731534572854,9.825167
45731536979833,9.819790
45731539402593,9.799083
45731541857125,9.819324
45731544295354,9.787734
45731546708843,9.781804
45731549131552,9.777246
45731551579312,9.818398
45731554018375,9.830944
45731556440875,9.850494
45731558863010,9.858267
45731561293947,9.885040
45731563724260,9.913360
45731566162541,9.920653
45731568593895,9.944893
45731571016760,9.940866
45731573446656,9.954496
45731575876916,9.950384
45731578315875,9.937384
45731580746812,9.908981
45731583178218,9.907770
45731585608270,9.883682
45731588031447,9.849895
45731590470718,9.816763
45731592931343,9.791488
45731595408270,9.761057
45731597885302,9.772720
45731600363947,9.756527
45731602843791,9.746055
45731605323218,9.722252
45731607802958,9.751039
45731610282697,9.776278
45731612762385,9.774418
45731615242072,9.789672
45731617721291,9.818427
45731620201031,9.830538
45731622679520,9.852773
45731625157958,9.871558
45731627636708,9.889740
45731630114468,9.875834
45731632593166,9.864166
45731635072125,9.869073
45731637551083,9.859228
45731640030822,9.848183
45731642509729,9.810630
45731644988270,9.782934
45731647467906,9.759680
45731649947489,9.742081
45731652427229,9.731186
45731654907333,9.713011
45731657387437,9.713525
45731659866187,9.716928
45731662344989,9.707038
45731664824729,9.703897
45731667304052,9.727690
45731669782385,9.729779
45731672261239,9.762230
45731674740458,9.744206
45731677219520,9.772930
45731679699260,9.800364
45731682178531,9.790528
45731684658166,9.837708
45731687138270,9.839879
45731689617958,9.855694
45731692097177,9.872185
45731694576760,9.843762
45731697056656,9.852387
45731699534989,9.851411
45731702013114,9.820981
45731704492437,9.786055
45731706972125,9.783661
45731709451812,9.758348
45731711930979,9.748737
45731714406760,9.741791
45731716873947,9.733495
45731719303479,9.738600
45731721717645,9.755465
45731724156656,9.773216
45731726600041,9.788519
45731729032020,9.780841
45731731450406,9.801104
45731733879833,9.839932
45731736310666,9.841761
45731738741656,9.861688
45731741170927,9.894201
45731743600406,9.902959
45731746032125,9.935469
45731748455197,9.957094
45731750885354,9.942766
45731753316968,9.943583
45731755756395,9.942348
45731758185770,9.914086
45731760605145,9.905435
45731763037020,9.891801
45731765471291,9.858103
45731767901708,9.827800
45731770331343,9.802401
45731772769677,9.783664
45731775209833,9.774670
45731777632072,9.770138
45731780053166,9.781269
45731782497697,9.759571
45731784929104,9.800398
45731787354572,9.802851
45731789793739,9.815434
45731792221083,9.848833
45731794648270,9.863165
45731797080875,9.881871
45731799537489,9.923891
45731802017333,9.963421
45731804497072,9.963055
45731806976395,9.960301
45731809455302,9.969090
45731811934625,9.954671
45731814413947,9.922296
45731816892854,9.883054
45731819372125,9.879537
45731821851447,9.843158
45731824330770,9.817197
45731826810093,9.806931
45731829289468,9.764316
45731831769052,9.745917
45731834248166,9.723383
45731836727541,9.762358
45731839206968,9.764542
45731841686343,9.759247
45731844165979,9.767868
45731846645666,9.797843
45731849125666,9.823276
45731851605666,9.825433
45731854085041,9.840672
45731856563895,9.867690
45731859042802,9.882712
45731861522125,9.884489
45731864001395,9.905860
45731866480302,9.901068
45731868959416,9.902933
45731871438531,9.884501
45731873917437,9.860972
45731876396395,9.865314
45731878875822,9.829379
45731881355197,9.812195
45731883833010,9.798927
45731886309677,9.744948
45731888787645,9.719114
45731891267229,9.712212
45731893747177,9.709853
45731896227177,9.698816
45731898705562,9.705229
45731901183947,9.714826
45731903663947,9.704388
45731906143583,9.722663
45731908622802,9.738929
45731911102020,9.779092
45731913581083,9.793807
45731916060458,9.817309
45731918539989,9.850023
45731921012802,9.869547
45731923440927,9.872650
45731925875770,9.864866
45731928327385,9.867264
45731930755145,9.877873
45731933185979,9.856277
45731935624260,9.845315
45731938086239,9.812347
45731940564833,9.802597
45731943044989,9.774545
45731945524625,9.746860
45731948004364,9.735935
45731950484000,9.738010
45731952963531,9.736468
45731955443531,9.710048
45731957923583,9.711651
45731960403166,9.736006
45731962882541,9.749587
45731965362333,9.742086
45731967842281,9.781422
45731970322177,9.824131
45731972801968,9.834114
45731975281395,9.863267
45731977760875,9.888140
45731980240354,9.922613
45731982719781,9.922879
45731985199520,9.941588
45731987678166,9.931266
45731990156395,9.918531
45731992635770,9.892478
45731995115510,9.881246
45731997593791,9.849322
45732000071656,9.799484
45732002551083,9.799296
45732005030510,9.757935
45732007509989,9.765692
45732009990822,9.730429
45732012471552,9.728209
45732014950875,9.752926
45732017430145,9.755945
45732019909468,9.767774
45732022388739,9.786530
45732024868010,9.814428
45732027346916,9.824990
45732029825822,9.835565
45732032305145,9.894022
45732034784937,9.899318
45732037264260,9.905525
45732039743531,9.910667
45732042221708,9.941117
45732044698479,9.956903
45732047176916,9.944381
45732049656864,9.938736
45732052136760,9.913155
45732054616656,9.916516
45732057096083,9.885265
45732059572281,9.825649
45732062016395,9.814799
45732064447177,9.808156
45732066877906,9.767735
45732069300354,9.760779
45732071738479,9.745714
45732074169312,9.715824
45732076601343,9.731787
45732079031395,9.737414
45732081452854,9.758214
45732083893166,9.778353
45732086344520,9.797431
45732088766187,9.825974
45732091176656,9.860535
45732093616447,9.884212
45732096048531,9.895478
45732098449000,9.912879
45732100879000,9.917023
45732103339729,9.929092
45732105770562,9.916037
45732108193166,9.898431
45732110623427,9.898888
45732113053062,9.868363
45732115484104,9.848445
45732117923375,9.820958
45732120386187,9.785135
45732122864625,9.751829
45732125343062,9.738259
45732127822645,9.733795
45732130302333,9.740005
45732132782541,9.743839
45732135262645,9.752275
45732137742125,9.778347
45732140221604,9.802430
45732142701187,9.794076
45732145180770,9.830810
45732147660718,9.893093
45732150140666,9.884635
45732152620145,9.886241
45732155098010,9.932488
45732157574833,9.916951
45732160053375,9.915248
45732162533531,9.918530
45732165012020,9.892756
45732167490145,9.865630
45732169969833,9.892849
45732172449520,9.863340
45732174929104,9.827455
45732177409104,9.805374
45732179889156,9.777045
45732182369000,9.770390
45732184848791,9.744843
45732187328635,9.730438
45732189808114,9.733025
45732192287750,9.735793
45732194767750,9.730376
45732197246083,9.752626
45732199724572,9.752915
45732202204677,9.774743
45732204684729,9.799223
45732207164208,9.805871
45732209643687,9.835588
45732212123583,9.843586
45732214603427,9.852420
45732217082802,9.849469
45732219562177,9.891883
45732222041552,9.870730
45732224520927,9.874810
45732227000666,9.849794
45732229480458,9.850732
45732231958739,9.824739
45732234436968,9.780581
45732236916395,9.776829
45732239395822,9.755869
45732241864052,9.746544
45732244307281,9.729148
45732246746135,9.732661
45732249177802,9.722948
45732251608062,9.693815
45732254046343,9.719318
45732256476708,9.721234
45732258899260,9.722270
45732261331291,9.757940
45732263762593,9.787207
45732266197072,9.808751
45732268627854,9.818104
45732271045927,9.843939
45732273484364,9.876880
45732275915041,9.906816
45732278345302,9.914831
45732280771031,9.934591
45732283181239,9.933065
45732285629364,9.928956
45732288082125,9.871490
45732290508791,9.868065
45732292938375,9.838128
45732295361708,9.823895
45732297761604,9.780475
45732300168947,9.752879
45732302624312,9.754006
45732305094572,9.743934
45732307531291,9.730327
45732309945145,9.736391
45732312376552,9.735842
45732314806083,9.744349
45732317221135,9.752502
45732319662020,9.770799
45732322107802,9.807986
45732324529468,9.823721
45732326940041,9.853500
45732329371135,9.866013
45732331800875,9.898345
45732334238531,9.924360
45732336714416,9.963966
45732339194572,9.959754
45732341674260,9.934273
45732344153531,9.901054
45732346633218,9.878588
45732349113270,9.841087
45732351593322,9.815499
45732354072854,9.778705
45732356552020,9.765217
45732359031135,9.762489
45732361510666,9.749983
45732363990197,9.752943
45732366469677,9.739619
45732368947958,9.737977
45732371425875,9.774219
45732373905093,9.787175
45732376384729,9.796456
45732378863635,9.813743
45732381342489,9.810658
45732383822437,9.846354
45732386302020,9.889201
45732388781083,9.893149
45732391260822,9.921886
45732393740562,9.922427
45732396220041,9.957781
45732398698322,9.964392
45732401176187,9.954986
45732403655770,9.925352
45732406135250,9.929394
45732408613114,9.887791
45732411091395,9.863644
45732413571291,9.833748
45732416050770,9.802231
45732418530197,9.779299
45732421009625,9.770206
45732423489000,9.743623
45732425968479,9.735171
45732428447489,9.719306
45732430926864,9.722864
45732433406239,9.714878
45732435885614,9.750807
45732438364989,9.779598
45732440844364,9.812307
45732443324156,9.838314
45732445803531,9.867941
45732448282437,9.906798
45732450760197,9.920255
45732453238427,9.935477
45732455718218,9.934031
45732458193947,9.932490
45732460640562,9.917244
